Time,X,Y,Z
0.006,0.32147,0.1059,-0.23806
0.015,0.35329,0.11683,-0.26169
0.025,0.35669,0.11834,-0.26456
0.034,0.35627,0.11916,-0.26435
0.044,0.35634,0.12007,-0.26458
0.053,0.35635,0.12109,-0.26418
0.062,0.35797,0.12244,-0.2633
0.072,0.35877,0.12425,-0.26136
0.081,0.36004,0.12668,-0.25889
0.09,0.36157,0.1291,-0.25612
0.109,0.36447,0.13368,-0.2497
0.119,0.36665,0.13607,-0.24603
0.128,0.36805,0.13831,-0.24204
0.137,0.3697,0.14138,-0.23727
0.147,0.37202,0.14495,-0.23182
0.156,0.37397,0.14781,-0.2269
0.165,0.37536,0.1496,-0.2222
0.175,0.37754,0.1502,-0.21786
0.184,0.37884,0.15093,-0.21406
0.193,0.37972,0.15234,-0.20989
0.203,0.38067,0.15565,-0.20603
0.212,0.38098,0.15933,-0.20093
0.222,0.38252,0.16304,-0.19512
0.231,0.38365,0.16475,-0.19075
0.24,0.38516,0.16367,-0.18745
0.25,0.38574,0.16072,-0.18611
0.259,0.3872,0.15607,-0.18564
0.268,0.3881,0.15001,-0.18626
0.278,0.38905,0.14171,-0.18725
0.287,0.39055,0.13253,-0.18861
0.296,0.39189,0.12124,-0.19069
0.306,0.39321,0.11025,-0.19291
0.315,0.39301,0.09862,-0.19566
0.325,0.39256,0.08776,-0.19796
0.334,0.39317,0.07857,-0.19978
0.343,0.39269,0.06913,-0.20148
0.353,0.39156,0.05982,-0.20308
0.362,0.39059,0.04978,-0.20509
0.371,0.38909,0.03984,-0.20622
0.381,0.38667,0.02973,-0.20886
0.39,0.38374,0.01919,-0.21022
0.399,0.37957,0.0097,-0.21212
0.409,0.37538,-0.0012,-0.21534
0.418,0.37065,-0.0155,-0.21936
0.428,0.36468,-0.0318,-0.22313
0.437,0.35858,-0.04948,-0.22738
0.447,0.35226,-0.06646,-0.23185
0.456,0.34495,-0.08103,-0.23667
0.465,0.33807,-0.09486,-0.24178
0.475,0.32941,-0.10535,-0.2481
0.484,0.32121,-0.11325,-0.25521
0.494,0.31199,-0.11923,-0.2629
0.503,0.30266,-0.1235,-0.27074
0.513,0.293,-0.12635,-0.27961
0.522,0.28351,-0.12823,-0.28697
0.532,0.2747,-0.12975,-0.29411
0.541,0.26638,-0.13082,-0.30054
0.551,0.25919,-0.1316,-0.30573
0.56,0.25297,-0.13335,-0.31029
0.57,0.24653,-0.13436,-0.31428
0.579,0.24071,-0.13647,-0.31695
0.589,0.23496,-0.13918,-0.31932
0.598,0.22835,-0.14263,-0.32166
0.608,0.22004,-0.14599,-0.32408
0.617,0.21069,-0.14991,-0.3255
0.626,0.20081,-0.15382,-0.32632
0.636,0.19012,-0.15864,-0.32724
0.645,0.17989,-0.16388,-0.32801
0.655,0.17003,-0.16767,-0.32842
0.664,0.15977,-0.17089,-0.3288
0.674,0.15142,-0.17246,-0.32884
0.683,0.14401,-0.17362,-0.32935
0.693,0.1368,-0.17366,-0.3299
0.702,0.12994,-0.17232,-0.33
0.712,0.12397,-0.16993,-0.33208
0.721,0.11788,-0.16702,-0.33304
0.73,0.11317,-0.16313,-0.33414
0.74,0.10904,-0.15898,-0.33577
0.749,0.10507,-0.15439,-0.33761
0.759,0.10014,-0.14892,-0.33931
0.768,0.09588,-0.14335,-0.34142
0.778,0.0919,-0.13686,-0.34314
0.787,0.08891,-0.12978,-0.34618
0.797,0.08506,-0.1213,-0.34816
0.806,0.08101,-0.11326,-0.35114
0.816,0.07618,-0.10535,-0.35287
0.825,0.0716,-0.09779,-0.35498
0.835,0.06673,-0.09118,-0.35679
0.844,0.0616,-0.08484,-0.35823
0.854,0.0571,-0.07827,-0.35955
0.863,0.05202,-0.07227,-0.36078
0.872,0.04785,-0.06515,-0.363
0.882,0.04463,-0.05666,-0.36466
0.891,0.04236,-0.04637,-0.36592
0.901,0.04138,-0.03481,-0.36832
0.91,0.04247,-0.02153,-0.36982
0.92,0.04538,-0.00574,-0.3714
0.929,0.05042,0.01339,-0.3729
0.939,0.05782,0.03135,-0.37432
0.948,0.06847,0.04668,-0.37479
0.957,0.08215,0.06092,-0.37552
0.967,0.09807,0.07455,-0.37508
0.976,0.11723,0.08703,-0.37428
0.986,0.13294,0.09839,-0.37311
0.995,0.14518,0.11031,-0.3708
1.014,0.16477,0.13195,-0.36339
1.023,0.17455,0.14334,-0.35838
1.032,0.18599,0.1535,-0.35199
1.042,0.1978,0.16413,-0.34496
1.051,0.20997,0.17455,-0.33735
1.06,0.22197,0.1842,-0.32784
1.07,0.23373,0.19344,-0.31763
1.079,0.24536,0.20181,-0.30769
1.088,0.25655,0.20816,-0.29719
1.098,0.26683,0.21398,-0.28646
1.107,0.27691,0.21782,-0.27579
1.117,0.28579,0.22088,-0.26564
1.126,0.29562,0.22227,-0.2557
1.135,0.30447,0.22341,-0.24663
1.145,0.31247,0.22361,-0.2373
1.154,0.32071,0.22221,-0.22897
1.163,0.32983,0.21964,-0.22106
1.173,0.33839,0.21688,-0.21329
1.182,0.34518,0.21368,-0.20494
1.191,0.35135,0.21093,-0.19728
1.201,0.35639,0.20824,-0.19046
1.21,0.36088,0.20538,-0.18439
1.219,0.36456,0.2025,-0.17857
1.229,0.36881,0.20046,-0.17268
1.238,0.37344,0.19766,-0.16511
1.247,0.3781,0.19479,-0.1556
1.257,0.3845,0.19174,-0.14371
1.266,0.39128,0.18818,-0.13158
1.276,0.39659,0.18364,-0.11934
1.285,0.40219,0.17734,-0.10945
1.294,0.40685,0.17128,-0.10105
1.304,0.41054,0.16499,-0.0955
1.313,0.41372,0.15893,-0.09124
1.322,0.41716,0.15255,-0.08728
1.332,0.41944,0.14523,-0.08318
1.341,0.42161,0.13781,-0.07991
1.35,0.42388,0.1303,-0.07706
1.36,0.42593,0.12202,-0.07442
1.369,0.42743,0.11409,-0.07365
1.379,0.42877,0.10569,-0.07222
1.388,0.42987,0.09741,-0.07174
1.397,0.4302,0.0904,-0.07203
1.416,0.42936,0.07769,-0.07376
1.425,0.42885,0.07246,-0.07585
1.435,0.4287,0.06643,-0.078
1.444,0.42771,0.06131,-0.08006
1.453,0.426,0.05587,-0.08212
1.463,0.42475,0.05098,-0.08435
1.472,0.42333,0.04572,-0.08676
1.481,0.42168,0.04027,-0.08995
1.491,0.42,0.03512,-0.09313
1.5,0.41822,0.02951,-0.09605
1.509,0.41642,0.02469,-0.09879
1.519,0.4143,0.02153,-0.10234
1.528,0.41204,0.01703,-0.10589
1.538,0.40945,0.01383,-0.11012
1.547,0.40628,0.01016,-0.11475
1.556,0.40381,0.00712,-0.11959
1.566,0.40097,0.00339,-0.12428
1.575,0.39853,1e-05,-0.12904
1.584,0.39721,-0.00317,-0.13356
1.594,0.39514,-0.00566,-0.13814
1.603,0.39396,-0.00825,-0.14196
1.613,0.39115,-0.0101,-0.14588
1.622,0.39065,-0.0107,-0.15031
1.631,0.38909,-0.01026,-0.1553
1.641,0.38743,-0.00729,-0.16135
1.65,0.38565,-0.00206,-0.16768
1.66,0.38288,0.00657,-0.17496
1.669,0.3811,0.01545,-0.18166
1.678,0.37844,0.02353,-0.18974
1.688,0.37472,0.02969,-0.19728
1.697,0.37133,0.03532,-0.20468
1.716,0.36211,0.04369,-0.22122
1.725,0.35671,0.0465,-0.22938
1.735,0.35132,0.04853,-0.23726
1.744,0.34528,0.04999,-0.24605
1.753,0.33875,0.05164,-0.25458
1.763,0.33109,0.05365,-0.26284
1.772,0.32246,0.05568,-0.27133
1.781,0.31502,0.05798,-0.27983
1.791,0.3062,0.05837,-0.2875
1.8,0.29766,0.05825,-0.29458
1.81,0.28872,0.05656,-0.30135
1.819,0.27813,0.05414,-0.30783
1.828,0.26759,0.05047,-0.31429
1.838,0.25586,0.04609,-0.32032
1.847,0.24434,0.04122,-0.32631
1.856,0.23349,0.03555,-0.33137
1.866,0.22206,0.02897,-0.33608
1.875,0.2096,0.02162,-0.3395
1.884,0.1979,0.01345,-0.3416
1.894,0.18595,0.0036,-0.34316
1.903,0.17419,-0.01033,-0.34441
1.913,0.1617,-0.02819,-0.34437
1.922,0.14946,-0.04661,-0.34327
1.932,0.13713,-0.06617,-0.34089
1.941,0.1248,-0.08493,-0.33779
1.95,0.11139,-0.10227,-0.3342
1.96,0.09495,-0.11754,-0.32938
1.969,0.07348,-0.13069,-0.32343
1.979,0.04805,-0.14136,-0.3177
1.988,0.0218,-0.15054,-0.31157
1.998,-0.00303,-0.15756,-0.30507
2.007,-0.02437,-0.1616,-0.30012
2.017,-0.04095,-0.16418,-0.29651
2.027,-0.0522,-0.16502,-0.29456
2.036,-0.05979,-0.16494,-0.29411
2.046,-0.06529,-0.1636,-0.29373
2.055,-0.068,-0.1612,-0.29503
2.065,-0.07086,-0.15846,-0.29626
2.074,-0.07201,-0.15559,-0.29857
2.084,-0.07287,-0.1523,-0.30048
2.094,-0.07426,-0.14879,-0.30244
2.103,-0.07493,-0.14568,-0.30382
2.113,-0.07511,-0.14295,-0.30547
2.122,-0.07631,-0.14025,-0.30664
2.132,-0.07762,-0.13722,-0.30861
2.141,-0.07829,-0.13541,-0.30957
2.151,-0.07835,-0.13339,-0.31059
2.161,-0.07858,-0.13202,-0.31162
2.17,-0.07903,-0.13147,-0.31239
2.18,-0.07843,-0.13116,-0.31339
2.189,-0.07837,-0.13055,-0.31459
2.199,-0.07771,-0.12998,-0.31622
2.218,-0.07237,-0.13065,-0.31894
2.228,-0.06979,-0.131,-0.31994
2.237,-0.06705,-0.13128,-0.32189
2.247,-0.06376,-0.13332,-0.32343
2.256,-0.05987,-0.1367,-0.32409
2.266,-0.05517,-0.13904,-0.32483
2.275,-0.04985,-0.14053,-0.32642
2.285,-0.04447,-0.14126,-0.32843
2.295,-0.03779,-0.141,-0.33074
2.304,-0.03162,-0.14031,-0.33307
2.314,-0.02378,-0.13915,-0.33566
2.323,-0.01621,-0.1387,-0.33794
2.333,-0.00845,-0.1384,-0.33977
2.343,-0.00088,-0.13929,-0.3413
2.352,0.00623,-0.14156,-0.34229
2.362,0.01255,-0.14613,-0.3418
2.371,0.01685,-0.15428,-0.34015
2.381,0.01965,-0.16387,-0.33746
2.39,0.02101,-0.17502,-0.33332
2.399,0.02103,-0.18801,-0.32786
2.418,0.01997,-0.20904,-0.31661
2.428,0.02028,-0.21782,-0.31197
2.437,0.02096,-0.22455,-0.30788
2.447,0.02211,-0.22973,-0.30428
2.456,0.02351,-0.23401,-0.30139
2.466,0.02603,-0.23795,-0.29933
2.475,0.03037,-0.24119,-0.29787
2.485,0.03393,-0.24586,-0.29511
2.494,0.03806,-0.25025,-0.29307
2.504,0.04279,-0.25512,-0.29101
2.513,0.04703,-0.26113,-0.28744
2.523,0.05306,-0.26975,-0.28245
2.532,0.06035,-0.27897,-0.27649
2.542,0.07013,-0.28833,-0.27008
2.551,0.0821,-0.29713,-0.2638
2.561,0.09763,-0.30511,-0.25653
2.57,0.11697,-0.31209,-0.25058
2.58,0.13313,-0.3168,-0.24561
2.589,0.14714,-0.31987,-0.24133
2.599,0.15889,-0.32201,-0.2377
2.608,0.17009,-0.32256,-0.23473
2.617,0.17961,-0.3227,-0.23157
2.627,0.18843,-0.32254,-0.22848
2.636,0.19761,-0.32194,-0.22413
2.646,0.20694,-0.32096,-0.21873
2.655,0.21606,-0.32028,-0.21314
2.665,0.2257,-0.31879,-0.20627
2.674,0.23518,-0.31789,-0.19885
2.684,0.24443,-0.3173,-0.18893
2.693,0.2529,-0.31666,-0.17666
2.703,0.25989,-0.31659,-0.16349
2.712,0.26695,-0.31725,-0.14828
2.722,0.27283,-0.31749,-0.13271
2.731,0.27945,-0.31584,-0.11709
2.741,0.28626,-0.31383,-0.10198
2.75,0.29524,-0.30904,-0.08962
2.76,0.30454,-0.30221,-0.07862
2.769,0.31355,-0.29542,-0.06624
2.779,0.31984,-0.28914,-0.05053
2.788,0.32478,-0.28383,-0.03541
2.798,0.32851,-0.27929,-0.02169
2.807,0.33061,-0.27508,-0.00837
2.817,0.33384,-0.26981,0.00517
2.826,0.33653,-0.26376,0.01889
2.835,0.33928,-0.25672,0.03264
2.845,0.34279,-0.24917,0.04748
2.854,0.34518,-0.24064,0.06419
2.863,0.34715,-0.23109,0.08362
2.873,0.34864,-0.22278,0.10551
2.882,0.34782,-0.21501,0.12925
2.892,0.34655,-0.20906,0.15013
2.901,0.34384,-0.2037,0.16754
2.91,0.34098,-0.19848,0.18131
2.92,0.33886,-0.19436,0.19203
2.929,0.33682,-0.19011,0.19975
2.938,0.33607,-0.18559,0.20734
2.948,0.33406,-0.17987,0.21509
2.957,0.33073,-0.17303,0.22394
2.967,0.3262,-0.16775,0.23265
2.976,0.32208,-0.16287,0.23975
2.985,0.31908,-0.15804,0.24467
2.995,0.31824,-0.15388,0.24844
3.004,0.31848,-0.14937,0.25118
3.023,0.3203,-0.13954,0.25442
3.032,0.32149,-0.13473,0.25598
3.042,0.32376,-0.12881,0.25715
3.051,0.3269,-0.1212,0.25735
3.06,0.33131,-0.11325,0.25745
3.07,0.33541,-0.10418,0.25847
3.079,0.3396,-0.09383,0.25883
3.088,0.34508,-0.08243,0.25802
3.098,0.35145,-0.06942,0.25643
3.107,0.35834,-0.0545,0.25315
3.117,0.3656,-0.03604,0.24912
3.126,0.37301,-0.01188,0.24569
3.135,0.37979,0.01787,0.2408
3.145,0.38628,0.04701,0.23476
3.154,0.39308,0.07433,0.22683
3.163,0.3958,0.1028,0.2172
3.172,0.39748,0.13064,0.20429
3.182,0.40012,0.15031,0.19021
3.191,0.40211,0.16456,0.17761
3.2,0.40296,0.1746,0.16734
3.209,0.40477,0.18229,0.15824
3.219,0.40506,0.18866,0.14941
3.228,0.40508,0.19397,0.14045
3.237,0.40423,0.1986,0.12996
3.247,0.40371,0.20241,0.11637
3.256,0.40323,0.20471,0.09961
3.265,0.40328,0.20611,0.07892
3.274,0.40286,0.20625,0.05673
3.284,0.40282,0.20618,0.03474
3.293,0.40141,0.20659,0.01486
3.302,0.39901,0.2073,-0.0021
3.312,0.39737,0.20746,-0.01811
3.321,0.39451,0.20714,-0.03444
3.33,0.39045,0.20602,-0.05223
3.34,0.38541,0.20265,-0.07555
3.349,0.37812,0.19788,-0.09934
3.358,0.37017,0.19314,-0.12201
3.368,0.36161,0.18832,-0.14371
3.377,0.35332,0.18299,-0.16541
3.386,0.34516,0.17719,-0.18668
3.396,0.33712,0.1716,-0.20707
3.405,0.32942,0.16544,-0.22712
3.424,0.3104,0.15194,-0.26296
3.433,0.30013,0.14408,-0.27967
3.443,0.28822,0.13502,-0.29556
3.452,0.27506,0.12542,-0.31037
3.461,0.26211,0.11527,-0.32396
3.471,0.24831,0.10523,-0.33534
3.48,0.23669,0.09586,-0.3454
3.49,0.22604,0.0874,-0.35314
3.499,0.21819,0.08004,-0.35938
3.508,0.21104,0.07362,-0.36472
3.518,0.20505,0.06855,-0.36904
3.527,0.19917,0.06386,-0.3725
3.536,0.19265,0.06063,-0.37571
3.546,0.18737,0.0578,-0.37796
3.555,0.18242,0.0561,-0.37987
3.565,0.17729,0.05459,-0.38141
3.574,0.17149,0.05352,-0.38291
3.583,0.16563,0.05308,-0.3839
3.593,0.15923,0.05187,-0.38476
3.602,0.15277,0.05124,-0.38493
3.611,0.14576,0.04968,-0.38511
3.621,0.13913,0.04793,-0.3853
3.63,0.1333,0.04458,-0.38498
3.64,0.12883,0.04124,-0.3852
3.649,0.12623,0.03748,-0.38463
3.658,0.12565,0.03367,-0.38441
3.668,0.12688,0.0287,-0.38481
3.677,0.12895,0.0231,-0.38476
3.686,0.13099,0.01569,-0.38392
3.696,0.13216,0.00767,-0.38316
3.705,0.13292,-0.00416,-0.38149
3.724,0.13267,-0.03931,-0.37673
3.734,0.13179,-0.06185,-0.37293
3.743,0.12933,-0.086,-0.36843
3.753,0.12553,-0.11107,-0.36217
3.762,0.12073,-0.13439,-0.35397
3.771,0.11604,-0.15578,-0.34583
3.781,0.1118,-0.17505,-0.33761
3.79,0.10642,-0.19336,-0.32795
3.8,0.09812,-0.20956,-0.31798
3.809,0.08835,-0.22598,-0.30596
3.819,0.07454,-0.24275,-0.29104
3.828,0.05851,-0.26089,-0.27381
3.838,0.04084,-0.27925,-0.25483
3.847,0.02345,-0.29672,-0.23425
3.857,0.00565,-0.31176,-0.21393
3.866,-0.01176,-0.32404,-0.19347
3.876,-0.02826,-0.33522,-0.17131
3.885,-0.04425,-0.34335,-0.14881
3.895,-0.05954,-0.34901,-0.12636
3.905,-0.07346,-0.35401,-0.10291
3.914,-0.08563,-0.3566,-0.0
3.924,-0.09644,-0.35786,-0.06206
3.933,-0.10636,-0.35799,-0.04455
3.943,-0.11791,-0.35666,-0.02824
3.952,-0.12801,-0.35335,-0.01155
3.962,-0.13829,-0.3491,0.00552
3.972,-0.1487,-0.34257,0.02238
3.981,-0.15901,-0.33573,0.03795
3.991,-0.16888,-0.32752,0.05356
4.0,-0.17892,-0.31985,0.0696
4.009,-0.18865,-0.31073,0.08559
4.028,-0.20678,-0.29015,0.11842
4.038,-0.21827,-0.27867,0.13213
4.047,-0.23117,-0.26515,0.14411
4.057,-0.24442,-0.25059,0.15356
4.066,-0.25858,-0.23518,0.16048
4.076,-0.27152,-0.21951,0.16605
4.085,-0.285,-0.20574,0.1709
4.095,-0.29766,-0.19233,0.17483
4.104,-0.30938,-0.17929,0.17767
4.114,-0.3209,-0.16562,0.17905
4.123,-0.33121,-0.15347,0.17952
4.133,-0.34119,-0.14088,0.1799
4.142,-0.34941,-0.12926,0.17994
4.151,-0.35691,-0.11732,0.18045
4.161,-0.36359,-0.10593,0.18143
4.17,-0.36932,-0.09484,0.18262
4.18,-0.37399,-0.08312,0.18333
4.189,-0.37866,-0.07208,0.18365
4.199,-0.38301,-0.06137,0.18234
4.208,-0.38646,-0.05035,0.18019
4.227,-0.39314,-0.0219,0.17516
4.237,-0.3948,-0.00152,0.17215
4.246,-0.39573,0.02167,0.1694
4.255,-0.39582,0.04112,0.16728
4.265,-0.39432,0.05669,0.16572
4.274,-0.39223,0.06945,0.1643
4.284,-0.389,0.08058,0.16349
4.293,-0.38534,0.08905,0.16265
4.302,-0.38163,0.09558,0.16248
4.312,-0.37964,0.10016,0.16229
4.321,-0.37556,0.10355,0.16211
4.33,-0.37235,0.10639,0.162
4.34,-0.36966,0.10768,0.1614
4.349,-0.36724,0.10915,0.15983
4.359,-0.36441,0.11021,0.15799
4.368,-0.36175,0.11074,0.15595
4.377,-0.35847,0.11004,0.15289
4.387,-0.35696,0.10855,0.14837
4.396,-0.35648,0.10664,0.14287
4.405,-0.35622,0.10386,0.13584
4.415,-0.35673,0.10041,0.12765
4.424,-0.35786,0.09655,0.11555
4.433,-0.35862,0.09199,0.10164
4.443,-0.35848,0.08819,0.08383
4.452,-0.35814,0.08455,0.06303
4.462,-0.35628,0.08251,0.04092
4.471,-0.35297,0.08139,0.01868
4.48,-0.34994,0.08136,-0.0024
4.49,-0.34554,0.08086,-0.02251
4.499,-0.33939,0.08131,-0.04237
4.509,-0.33263,0.0806,-0.06118
4.528,-0.317,0.07454,-0.0959
4.537,-0.30647,0.06998,-0.11367
4.547,-0.29453,0.06434,-0.1327
4.556,-0.28072,0.05926,-0.15219
4.566,-0.26404,0.05416,-0.17248
4.575,-0.24523,0.04963,-0.19362
4.585,-0.22406,0.0455,-0.21467
4.594,-0.20049,0.0425,-0.23394
4.603,-0.17895,0.03777,-0.25186
4.613,-0.15869,0.03253,-0.26754
4.622,-0.13888,0.02733,-0.28164
4.632,-0.12063,0.02129,-0.29349
4.641,-0.1036,0.01442,-0.30435
4.651,-0.08487,0.00654,-0.31301
4.66,-0.06489,-0.0036,-0.32019
4.67,-0.04522,-0.01666,-0.32638
4.679,-0.02245,-0.03267,-0.33104
4.689,0.00214,-0.05132,-0.33377
4.698,0.02831,-0.07116,-0.33481
4.708,0.05776,-0.09195,-0.33314
4.717,0.08916,-0.114,-0.3291
4.727,0.12485,-0.13485,-0.32373
4.736,0.15299,-0.15323,-0.31747
4.746,0.17294,-0.16844,-0.31003
4.755,0.18895,-0.182,-0.30197
4.765,0.20122,-0.1928,-0.29375
4.774,0.21129,-0.20374,-0.2841
4.784,0.22059,-0.21562,-0.27168
4.793,0.22961,-0.22734,-0.25664
4.803,0.23805,-0.23879,-0.23873
4.812,0.24655,-0.2503,-0.21884
4.831,0.25878,-0.27665,-0.16421
4.841,0.265,-0.28777,-0.1327
4.85,0.27102,-0.29573,-0.10346
4.86,0.27744,-0.29979,-0.07941
4.869,0.28498,-0.30086,-0.06194
4.879,0.29241,-0.29863,-0.04724
4.888,0.30189,-0.29414,-0.0344
4.897,0.31221,-0.28667,-0.0226
4.907,0.32219,-0.27598,-0.00913
4.916,0.33062,-0.26413,0.00425
4.926,0.33783,-0.252,0.01712
4.935,0.34447,-0.23992,0.03002
4.945,0.35096,-0.22759,0.0425
4.954,0.35603,-0.21583,0.05536
4.963,0.36095,-0.20462,0.06877
4.973,0.36511,-0.19498,0.08223
4.982,0.3694,-0.18532,0.09721
4.991,0.37371,-0.17541,0.11209
5.001,0.37792,-0.16573,0.12645
5.01,0.38146,-0.15481,0.1395
5.02,0.38624,-0.14319,0.15
5.029,0.38984,-0.13066,0.15795
5.038,0.39268,-0.11913,0.16302
5.048,0.39684,-0.10669,0.16588
5.057,0.40081,-0.09375,0.16785
5.066,0.40477,-0.07908,0.16956
5.076,0.40829,-0.06399,0.171
5.085,0.41134,-0.04618,0.17173
5.094,0.41487,-0.0261,0.17222
5.104,0.41803,-0.00294,0.17202
5.113,0.42028,0.02328,0.172
5.132,0.42303,0.06342,0.16801
5.141,0.42445,0.08032,0.16436
5.15,0.42653,0.09379,0.15827
5.159,0.42739,0.10642,0.1506
5.169,0.42866,0.11763,0.14007
5.178,0.42922,0.12644,0.12622
5.187,0.42906,0.13409,0.10826
5.197,0.42872,0.13937,0.08399
5.206,0.42685,0.14282,0.05674
5.215,0.42515,0.14467,0.02632
5.224,0.42186,0.14494,-0.00399
5.234,0.41873,0.14447,-0.03193
5.243,0.41497,0.142,-0.05745
5.252,0.41017,0.13899,-0.08121
5.262,0.40419,0.13376,-0.10277
5.271,0.39789,0.12856,-0.12336
5.281,0.39154,0.12269,-0.14292
5.29,0.38412,0.1175,-0.16323
5.299,0.37615,0.11122,-0.18428
5.309,0.36684,0.10424,-0.20532
5.318,0.35848,0.09819,-0.22509
5.327,0.34815,0.09123,-0.2439
5.337,0.33731,0.0826,-0.26186
5.346,0.32664,0.07312,-0.27796
5.356,0.3163,0.06306,-0.29219
5.365,0.30622,0.0522,-0.30439
5.374,0.29702,0.04141,-0.31403
5.384,0.28693,0.03006,-0.32265
5.393,0.27763,0.01797,-0.32965
5.402,0.26829,0.00498,-0.33566
5.412,0.25723,-0.01187,-0.34013
5.421,0.24513,-0.0342,-0.34344
5.431,0.23206,-0.06017,-0.34629
5.44,0.21825,-0.08592,-0.34658
5.45,0.20361,-0.11081,-0.3461
5.459,0.18932,-0.13294,-0.34504
5.469,0.17528,-0.15179,-0.34309
5.478,0.16213,-0.16721,-0.34053
5.488,0.15058,-0.18196,-0.33691
5.497,0.14058,-0.19622,-0.33116
5.506,0.13204,-0.21085,-0.32394
5.516,0.12601,-0.22444,-0.31522
5.525,0.11959,-0.23574,-0.30627
5.535,0.11453,-0.24657,-0.29839
5.544,0.11047,-0.25701,-0.29011
5.554,0.10693,-0.26666,-0.28415
5.563,0.10486,-0.27423,-0.27943
5.573,0.10282,-0.27959,-0.27602
5.582,0.10197,-0.28346,-0.27399
5.592,0.10328,-0.28586,-0.27168
5.601,0.10578,-0.28794,-0.27036
5.611,0.11089,-0.2899,-0.26888
5.62,0.1156,-0.29143,-0.26688
5.63,0.11898,-0.29317,-0.26559
5.639,0.12201,-0.29485,-0.26403
5.649,0.12264,-0.29619,-0.26219
5.658,0.12335,-0.29783,-0.25948
5.668,0.1245,-0.30092,-0.25618
5.677,0.12537,-0.30616,-0.25013
5.686,0.12696,-0.3132,-0.24153
5.696,0.12939,-0.32151,-0.23073
5.705,0.13114,-0.33045,-0.21771
5.715,0.13293,-0.33912,-0.20361
5.734,0.13752,-0.35584,-0.16985
5.743,0.1396,-0.36313,-0.15043
5.753,0.14229,-0.36946,-0.12989
5.762,0.14407,-0.37494,-0.10899
5.772,0.14446,-0.37909,-0.0904
5.781,0.14493,-0.38243,-0.07482
5.791,0.14606,-0.38527,-0.06148
5.8,0.14682,-0.38655,-0.04988
5.81,0.14862,-0.38735,-0.04047
5.819,0.15106,-0.38726,-0.03171
5.829,0.15421,-0.38742,-0.02284
5.838,0.15701,-0.38727,-0.01362
5.848,0.16041,-0.38684,-0.00403
5.857,0.16334,-0.38537,0.0072
5.866,0.16557,-0.38464,0.0196
5.876,0.16784,-0.3829,0.03195
5.885,0.1699,-0.38113,0.04572
5.895,0.17097,-0.37895,0.06023
5.904,0.17269,-0.37648,0.07532
5.913,0.17491,-0.37314,0.09197
5.923,0.17632,-0.36988,0.1
5.932,0.17905,-0.36621,0.12835
5.941,0.18148,-0.362,0.14407
5.951,0.18431,-0.35606,0.1597
5.96,0.18739,-0.34845,0.17397
5.97,0.19104,-0.33899,0.18877
5.979,0.19249,-0.3276,0.2033
5.988,0.1936,-0.31501,0.21721
5.998,0.19436,-0.3023,0.22887
6.007,0.19465,-0.29025,0.23811
6.016,0.19565,-0.27952,0.24518
6.035,0.19965,-0.26194,0.25356
6.045,0.20456,-0.25462,0.25497
6.054,0.20871,-0.24829,0.25536
6.063,0.21408,-0.24289,0.2549
6.073,0.21796,-0.23817,0.25393
6.082,0.22094,-0.23385,0.25358
6.091,0.22264,-0.22983,0.25371
6.101,0.22399,-0.22717,0.25372
6.11,0.22563,-0.22465,0.25423
6.12,0.22677,-0.22164,0.25554
6.129,0.23012,-0.21791,0.25685
6.138,0.23358,-0.21503,0.25825
6.148,0.23737,-0.21182,0.25948
6.157,0.24163,-0.20773,0.2612
6.166,0.24529,-0.20365,0.26356
6.176,0.249,-0.19839,0.26599
6.185,0.25282,-0.19369,0.26808
6.195,0.25676,-0.18845,0.27065
6.204,0.26103,-0.1835,0.27275
6.213,0.26458,-0.17849,0.27473
6.223,0.26709,-0.17423,0.27712
6.232,0.26918,-0.16979,0.27971
6.242,0.27057,-0.16567,0.28233
6.251,0.27179,-0.16124,0.28419
6.26,0.27396,-0.15679,0.28741
6.27,0.27536,-0.15083,0.29084
6.279,0.27658,-0.1453,0.29438
6.289,0.27778,-0.13923,0.29768
6.298,0.27919,-0.13252,0.30087
6.307,0.27976,-0.126,0.30422
6.317,0.28004,-0.12008,0.30759
6.335,0.28039,-0.10733,0.31484
6.345,0.28075,-0.10025,0.31816
6.354,0.281,-0.09168,0.32152
6.364,0.28264,-0.0823,0.32531
6.373,0.28463,-0.07192,0.32796
6.382,0.28656,-0.06177,0.32999
6.392,0.28794,-0.04997,0.33305
6.401,0.28904,-0.03726,0.33572
6.41,0.28926,-0.02336,0.33876
6.42,0.2881,-0.0081,0.34218
6.429,0.28626,0.00989,0.34513
6.438,0.28457,0.02557,0.34812
6.448,0.28235,0.03858,0.35102
6.457,0.2804,0.04866,0.35434
6.466,0.27805,0.05811,0.35687
6.476,0.27631,0.06658,0.35914
6.485,0.27419,0.07603,0.36079
6.494,0.27204,0.08559,0.36189
6.503,0.27021,0.09641,0.36326
6.513,0.26841,0.10702,0.36382
6.522,0.26607,0.11894,0.36295
6.531,0.26487,0.13117,0.36185
6.54,0.26335,0.14393,0.3598
6.55,0.26093,0.15715,0.3575
6.559,0.25886,0.17076,0.35381
6.568,0.25596,0.18483,0.34941
6.578,0.2506,0.19894,0.34425
6.587,0.24522,0.21372,0.33886
6.596,0.2394,0.22732,0.33259
6.605,0.23213,0.23846,0.32751
6.615,0.22332,0.24484,0.32574
6.624,0.21522,0.24849,0.32354
6.633,0.20644,0.25178,0.32164
6.642,0.19715,0.2547,0.32103
6.652,0.18814,0.25599,0.32029
6.661,0.17948,0.25796,0.31946
6.67,0.17085,0.26117,0.31685
6.679,0.16266,0.26541,0.31297
6.689,0.15527,0.26993,0.30871
6.698,0.14817,0.27356,0.30492
6.707,0.14045,0.27535,0.3021
6.717,0.13321,0.2746,0.30216
6.726,0.12688,0.27177,0.3
6.735,0.12043,0.26907,0.30454
6.744,0.11526,0.2662,0.3056
6.754,0.11097,0.26174,0.30789
6.763,0.1058,0.25586,0.31182
6.772,0.09817,0.248,0.31651
6.781,0.08932,0.23735,0.32253
6.791,0.08003,0.22283,0.33004
6.8,0.06951,0.20859,0.33676
6.809,0.05951,0.19755,0.34198
6.819,0.05097,0.1891,0.34587
6.837,0.03673,0.184,0.34821
6.846,0.03187,0.18523,0.34817
6.856,0.02826,0.18644,0.34766
6.865,0.0265,0.18615,0.34812
6.874,0.02482,0.18244,0.34951
6.884,0.02454,0.17672,0.35167
6.893,0.02462,0.17021,0.35348
6.902,0.02603,0.16179,0.35543
6.911,0.02725,0.15384,0.35773
6.921,0.03006,0.14695,0.36023
6.939,0.03658,0.14258,0.36186
6.949,0.04113,0.14298,0.36149
6.958,0.04579,0.14302,0.36179
6.967,0.04873,0.14302,0.36131
6.976,0.0501,0.14177,0.36093
6.986,0.04895,0.13805,0.36089
6.995,0.04625,0.13617,0.36072
7.004,0.04102,0.13607,0.36011
7.014,0.03521,0.13857,0.35837
7.023,0.03075,0.14408,0.35609
7.032,0.02686,0.15073,0.35451
7.041,0.02507,0.15666,0.3515
7.051,0.02284,0.16236,0.34875
7.06,0.02208,0.16869,0.34654
7.069,0.02093,0.17384,0.34422
7.079,0.0207,0.17853,0.34205
7.088,0.01939,0.18159,0.34032
7.097,0.01688,0.18365,0.33855
7.106,0.01329,0.18528,0.33677
7.116,0.00981,0.18628,0.33558
7.125,0.0045,0.1868,0.33412
7.134,-0.00099,0.18693,0.33237
7.144,-0.00768,0.19037,0.32908
7.153,-0.01428,0.19674,0.32455
7.162,-0.02119,0.20515,0.31896
7.172,-0.02662,0.21242,0.31419
7.181,-0.02813,0.21867,0.30951
7.19,-0.02829,0.22322,0.30534
7.2,-0.02884,0.22752,0.30155
7.209,-0.02965,0.22995,0.29874
7.219,-0.03221,0.23187,0.29601
7.228,-0.03656,0.23382,0.29263
7.237,-0.04185,0.23627,0.28774
7.247,-0.04766,0.23994,0.28179
7.256,-0.05395,0.24332,0.27614
7.265,-0.05878,0.24658,0.27145
7.275,-0.06368,0.24849,0.26753
7.284,-0.06665,0.25002,0.26495
7.294,-0.06889,0.25059,0.26352
7.303,-0.06879,0.24998,0.26438
7.312,-0.06824,0.24825,0.26598
7.322,-0.06679,0.24624,0.26926
7.341,-0.06157,0.24001,0.27793
7.35,-0.05847,0.23747,0.28224
7.359,-0.056,0.23538,0.28628
7.369,-0.0536,0.23383,0.28997
7.378,-0.04991,0.23318,0.29329
7.387,-0.04588,0.23311,0.29665
7.397,-0.04105,0.23269,0.30094
7.406,-0.03313,0.23181,0.30499
7.416,-0.02253,0.23155,0.30994
7.425,-0.0094,0.23186,0.31489
7.434,0.00711,0.23206,0.32044
7.444,0.02751,0.23358,0.32595
7.453,0.05262,0.23591,0.33088
7.462,0.08423,0.2389,0.33407
7.471,0.12037,0.24213,0.33658
7.481,0.15492,0.24688,0.33657
7.49,0.18305,0.2527,0.33472
7.499,0.20581,0.25847,0.33117
7.508,0.22511,0.26381,0.32787
7.518,0.24234,0.2691,0.32316
7.527,0.257,0.27448,0.31689
7.536,0.27119,0.28054,0.30902
7.545,0.28554,0.28557,0.29999
7.555,0.29947,0.28925,0.28966
7.564,0.31359,0.29171,0.27903
7.573,0.32685,0.29195,0.26804
7.583,0.33971,0.29089,0.25617
7.592,0.35285,0.28828,0.24438
7.601,0.36462,0.28593,0.23234
7.61,0.37539,0.28302,0.2202
7.62,0.38606,0.27913,0.20686
7.629,0.39521,0.27549,0.19299
7.638,0.40345,0.27102,0.17864
7.647,0.4101,0.2674,0.16677
7.657,0.41604,0.26361,0.15473
7.666,0.42019,0.25972,0.14199
7.675,0.42341,0.25716,0.12784
7.684,0.42578,0.25498,0.11136
7.694,0.42677,0.2536,0.09086
7.703,0.4259,0.25245,0.06651
7.712,0.42441,0.25092,0.03875
7.722,0.42265,0.24968,0.00979
7.731,0.41999,0.24696,-0.01
7.74,0.41692,0.24377,-0.04428
7.75,0.41328,0.24027,-0.06794
7.759,0.40903,0.23641,-0.08899
7.768,0.40527,0.23243,-0.10767
7.778,0.40155,0.22785,-0.12528
7.787,0.39784,0.22347,-0.14126
7.796,0.39272,0.2186,-0.15809
7.806,0.3879,0.21452,-0.17543
7.815,0.38203,0.20993,-0.19366
7.825,0.37498,0.20563,-0.21215
7.834,0.36683,0.20177,-0.2299
7.843,0.3574,0.19888,-0.24758
7.853,0.34751,0.19633,-0.2645
7.862,0.33606,0.1939,-0.2805
7.871,0.32479,0.19258,-0.29472
7.881,0.3103,0.19127,-0.30826
7.89,0.29635,0.1893,-0.32056
7.9,0.28105,0.18752,-0.33231
7.909,0.26421,0.18441,-0.34307
7.918,0.24701,0.18084,-0.35257
7.928,0.23106,0.17731,-0.36134
7.937,0.21459,0.1742,-0.36996
7.947,0.19883,0.17247,-0.37579
7.956,0.18356,0.17146,-0.37991
7.965,0.16932,0.17161,-0.38267
7.975,0.15561,0.17221,-0.38413
7.984,0.14044,0.1731,-0.38369
7.993,0.12545,0.17428,-0.38238
8.003,0.10962,0.17498,-0.37998
8.012,0.08777,0.17464,-0.3757
8.022,0.05907,0.17452,-0.37056
8.031,0.02592,0.17509,-0.36247
8.04,-0.00736,0.17665,-0.35358
8.05,-0.03957,0.17848,-0.34293
8.059,-0.06845,0.17975,-0.33244
8.069,-0.09461,0.17988,-0.32079
8.078,-0.12019,0.17855,-0.30918
8.088,-0.14301,0.17675,-0.29666
8.097,-0.16221,0.1749,-0.28338
8.107,-0.18051,0.17287,-0.26909
8.116,-0.19711,0.16983,-0.25529
8.126,-0.21343,0.16735,-0.23985
8.145,-0.25,0.15832,-0.20577
8.154,-0.26883,0.15308,-0.18643
8.164,-0.2871,0.14888,-0.16623
8.173,-0.30283,0.14453,-0.14418
8.183,-0.31723,0.14058,-0.1222
8.192,-0.33031,0.13735,-0.10283
8.201,-0.34088,0.13627,-0.08465
8.211,-0.34873,0.13641,-0.06895
8.22,-0.35523,0.13835,-0.05442
8.23,-0.35933,0.14172,-0.03975
8.239,-0.36146,0.14715,-0.02558
8.249,-0.36178,0.1543,-0.01221
8.258,-0.36009,0.16187,0.00125
8.268,-0.35658,0.16881,0.01244
8.277,-0.35278,0.17552,0.02248
8.287,-0.34917,0.18054,0.02853
8.296,-0.34687,0.1843,0.03133
8.305,-0.34502,0.18459,0.02875
8.315,-0.34516,0.18203,0.02016
8.324,-0.34668,0.17534,0.00465
8.333,-0.34759,0.16539,-0.015
8.343,-0.34843,0.15153,-0.04145
8.352,-0.34809,0.13451,-0.06833
8.362,-0.34557,0.11685,-0.09542
8.371,-0.34101,0.0987,-0.12204
8.381,-0.33344,0.08092,-0.14978
8.39,-0.32298,0.06359,-0.1783
8.4,-0.3089,0.04974,-0.20708
8.409,-0.29132,0.03874,-0.23655
8.419,-0.26941,0.03029,-0.26424
8.428,-0.24458,0.02368,-0.28956
8.438,-0.21505,0.01951,-0.31279
8.447,-0.18407,0.01675,-0.33313
8.457,-0.15597,0.01555,-0.35065
8.466,-0.12729,0.01585,-0.36654
8.476,-0.0978,0.01755,-0.38058
8.485,-0.06953,0.02065,-0.39326
8.495,-0.03997,0.02547,-0.40429
8.504,-0.00737,0.03105,-0.4133
8.514,0.02671,0.03897,-0.42052
8.523,0.06536,0.0482,-0.42519
8.532,0.10889,0.05924,-0.42726
8.542,0.15086,0.07329,-0.42612
8.551,0.18556,0.08983,-0.4223
8.56,0.21317,0.10803,-0.41485
8.57,0.23727,0.12699,-0.40435
8.579,0.25746,0.14568,-0.39126
8.589,0.275,0.16293,-0.37514
8.598,0.28969,0.17987,-0.35687
8.607,0.30258,0.19761,-0.33686
8.617,0.31293,0.21401,-0.31668
8.626,0.32097,0.22827,-0.29615
8.635,0.32673,0.24223,-0.27617
8.645,0.33162,0.25483,-0.25591
8.654,0.33329,0.26528,-0.23882
8.664,0.33281,0.27301,-0.22441
8.673,0.33061,0.27947,-0.21371
8.682,0.32877,0.28471,-0.20338
8.692,0.32697,0.29084,-0.19225
8.701,0.3255,0.29688,-0.18002
8.71,0.32438,0.30275,-0.16576
8.72,0.32308,0.30877,-0.15036
8.729,0.32241,0.31447,-0.13308
8.748,0.32112,0.32758,-0.09644
8.757,0.3192,0.33633,-0.07905
8.767,0.31696,0.34556,-0.0625
8.776,0.31469,0.35518,-0.0467
8.785,0.31112,0.36475,-0.03199
8.795,0.30559,0.37373,-0.01815
8.804,0.29976,0.38114,-0.00473
8.814,0.29206,0.38874,0.00663
8.823,0.28364,0.3956,0.01736
8.832,0.27353,0.40097,0.02785
8.842,0.26174,0.40485,0.04195
8.851,0.24935,0.40749,0.06179
8.86,0.2369,0.40784,0.08877
8.869,0.22477,0.40486,0.12412
8.879,0.21278,0.39679,0.16065
8.888,0.20166,0.38328,0.19401
8.897,0.19204,0.36329,0.22554
8.907,0.18439,0.33614,0.25217
8.916,0.17749,0.30517,0.2741
8.925,0.17162,0.28085,0.29027
8.934,0.16834,0.26396,0.30148
8.944,0.16327,0.25157,0.30942
8.953,0.15964,0.24214,0.31568
8.962,0.15583,0.23501,0.32009
8.971,0.15297,0.2302,0.32298
8.981,0.1502,0.22663,0.32444
8.99,0.14658,0.22368,0.32551
8.999,0.14514,0.22146,0.32697
9.009,0.14177,0.21915,0.32821
9.018,0.13916,0.217,0.32909
9.027,0.13847,0.21586,0.32951
9.036,0.13797,0.2145,0.33048
9.046,0.13792,0.21352,0.331
9.055,0.13921,0.21301,0.33172
9.064,0.14063,0.21204,0.33239
9.073,0.14315,0.21186,0.33296
9.083,0.14749,0.21176,0.3331
9.092,0.15127,0.21233,0.33294
9.101,0.15574,0.21289,0.33276
9.11,0.16039,0.2132,0.33249
9.12,0.16506,0.2149,0.33213
9.129,0.17049,0.21716,0.33066
9.138,0.17545,0.22064,0.329
9.147,0.18058,0.2235,0.32706
9.157,0.1854,0.22562,0.32569
9.166,0.19052,0.22617,0.32505
9.175,0.19556,0.22631,0.32448
9.184,0.20102,0.22649,0.32383
9.194,0.20728,0.22551,0.32352
9.203,0.21426,0.22491,0.32315
9.212,0.22154,0.22384,0.32345
9.222,0.22895,0.22215,0.32264
9.231,0.23885,0.22056,0.32205
9.249,0.25923,0.21758,0.31746
9.259,0.27152,0.21592,0.31396
9.268,0.28374,0.21258,0.31033
9.277,0.29725,0.21032,0.30567
9.286,0.31067,0.20843,0.29999
9.296,0.32354,0.20673,0.29328
9.305,0.3355,0.20523,0.28562
9.314,0.34693,0.20416,0.27779
9.324,0.35799,0.20305,0.26977
9.333,0.36837,0.2016,0.26181
9.342,0.37846,0.19986,0.25361
9.351,0.38669,0.19794,0.24538
9.361,0.39463,0.1959,0.23724
9.37,0.40253,0.19353,0.22893
9.379,0.41011,0.19036,0.2207
9.388,0.41712,0.1857,0.21339
9.398,0.42375,0.17947,0.2061
9.407,0.43066,0.17283,0.19855
9.416,0.43642,0.16481,0.19182
9.426,0.44271,0.15573,0.18543
9.435,0.4483,0.14613,0.17881
9.444,0.45424,0.13489,0.17159
9.453,0.45893,0.12282,0.16388
9.463,0.46328,0.10832,0.15503
9.472,0.46652,0.09325,0.14598
9.481,0.46868,0.07594,0.1354
9.49,0.47008,0.05733,0.12373
9.5,0.46914,0.03817,0.10994
9.509,0.46721,0.01719,0.09476
9.518,0.46303,-0.00705,0.07776
9.528,0.45733,-0.03999,0.06015
9.537,0.44911,-0.07763,0.04265
9.546,0.43848,-0.11683,0.02769
9.556,0.42546,-0.15486,0.01475
9.565,0.41111,-0.1885,0.00336
9.575,0.39545,-0.21994,-0.00485
9.584,0.3774,-0.24925,-0.01106
9.594,0.35867,-0.27792,-0.01564
9.603,0.33891,-0.30595,-0.02148
9.612,0.31925,-0.33249,-0.02636
9.622,0.29843,-0.35562,-0.03139
9.631,0.27684,-0.37607,-0.03585
9.65,0.23214,-0.40882,-0.04314
9.66,0.20942,-0.42,-0.04485
9.669,0.18667,-0.42922,-0.04612
9.679,0.16553,-0.43591,-0.04624
9.688,0.14434,-0.44051,-0.04583
9.698,0.12379,-0.44306,-0.04436
9.707,0.10342,-0.44348,-0.0427
9.717,0.07885,-0.44261,-0.0411
9.726,0.05042,-0.44143,-0.03951
9.736,0.01891,-0.43906,-0.03767
9.745,-0.00849,-0.4369,-0.03454
9.755,-0.03096,-0.43484,-0.03095
9.764,-0.04861,-0.43338,-0.02663
9.774,-0.06137,-0.43315,-0.0225
9.784,-0.07019,-0.43372,-0.01779
9.793,-0.07614,-0.43452,-0.01278
9.803,-0.07868,-0.43536,-0.00706
9.812,-0.07839,-0.43628,-0.00076
9.822,-0.07685,-0.43829,0.00727
9.831,-0.07347,-0.44025,0.017
9.841,-0.06731,-0.4422,0.02715
9.85,-0.05958,-0.44365,0.03902
9.86,-0.04932,-0.44521,0.05316
9.869,-0.03816,-0.44495,0.07057
9.879,-0.02552,-0.44426,0.09015
9.888,-0.01175,-0.4421,0.1145
9.898,0.00385,-0.43971,0.13797
9.907,0.0204,-0.43721,0.15606
9.917,0.03994,-0.4337,0.17141
9.926,0.06291,-0.42717,0.18759
9.935,0.08935,-0.41782,0.20352
