Time,X,Y,Z,Magnitude,Filtered Magnitude
0.006,0.28041,0.05776,0.25747,0.385041,0.385041
0.015,0.30597,0.06613,0.2844,0.422935,0.403988
0.025,0.30669,0.06855,0.28886,0.426847,0.411608
0.034,0.30331,0.07097,0.29107,0.426328,0.415288
0.043,0.2991,0.07238,0.29398,0.425587,0.417347
0.052,0.29307,0.07436,0.29672,0.42363,0.418395
0.062,0.28729,0.07639,0.3001,0.422411,0.418968
0.071,0.28079,0.07977,0.30339,0.421013,0.419224
0.08,0.27335,0.08262,0.30616,0.418665,0.419162
0.09,0.26581,0.08641,0.30879,0.416501,0.418896
0.099,0.25827,0.08972,0.31133,0.414342,0.421826
0.108,0.25062,0.09264,0.31326,0.411733,0.420706
0.117,0.24263,0.09544,0.31497,0.408882,0.418909
0.127,0.23537,0.09739,0.31657,0.406326,0.416909
0.136,0.22882,0.09775,0.31825,0.403976,0.414748
0.145,0.22332,0.09704,0.31926,0.401517,0.412536
0.154,0.21695,0.0978,0.32062,0.399286,0.410224
0.164,0.21167,0.09863,0.32092,0.39689,0.407812
0.173,0.20446,0.09913,0.32062,0.392973,0.405243
0.182,0.19792,0.09784,0.32033,0.389045,0.402497
0.191,0.19048,0.09421,0.3209,0.384883,0.399551
0.201,0.18187,0.08766,0.32188,0.379958,0.396373
0.21,0.17454,0.07772,0.32332,0.375554,0.393041
0.219,0.16648,0.06428,0.32549,0.371202,0.389528
0.228,0.16093,0.04797,0.32823,0.368693,0.386
0.238,0.15617,0.03105,0.33061,0.366955,0.382544
0.247,0.15138,0.01297,0.33244,0.365514,0.379167
0.256,0.14595,-0.00614,0.33296,0.363595,0.375837
0.265,0.14174,-0.03179,0.33251,0.362855,0.372825
0.275,0.13496,-0.05976,0.33019,0.361678,0.370089
0.284,0.12803,-0.08738,0.32735,0.362195,0.36782
0.294,0.11818,-0.1138,0.32286,0.362154,0.366039
0.303,0.10781,-0.13608,0.31803,0.362331,0.364717
0.312,0.09277,-0.15469,0.31343,0.361626,0.36376
0.322,0.07283,-0.17093,0.30817,0.359847,0.362875
0.331,0.05251,-0.1871,0.30243,0.359482,0.362128
0.34,0.03615,-0.19933,0.29823,0.360528,0.361629
0.35,0.02826,-0.19896,0.30227,0.362975,0.361567
0.359,0.02672,-0.19098,0.3095,0.364661,0.361748
0.369,0.03206,-0.18049,0.31687,0.366075,0.362187
0.378,0.03755,-0.16858,0.32383,0.367008,0.362669
0.387,0.04306,-0.15635,0.32966,0.36739,0.363192
0.397,0.04188,-0.14493,0.33386,0.366362,0.363596
0.406,0.04198,-0.12097,0.33958,0.36292,0.363725
0.415,0.04145,-0.09258,0.34428,0.358912,0.363631
0.425,0.04022,-0.06902,0.34786,0.356915,0.363375
0.434,0.03438,-0.05412,0.34915,0.354988,0.362821
0.444,0.02711,-0.05397,0.34852,0.353714,0.361895
0.453,0.01539,-0.07209,0.34349,0.351311,0.360559
0.462,0.00021,-0.10383,0.33323,0.349031,0.358855
0.472,-0.01704,-0.14236,0.31781,0.348654,0.35702
0.481,-0.03655,-0.17897,0.29927,0.350612,0.355342
0.491,-0.05629,-0.21013,0.28168,0.355903,0.354296
0.5,-0.07561,-0.23373,0.26393,0.360563,0.35406
0.51,-0.09468,-0.25431,0.24818,0.367738,0.354943
0.519,-0.11416,-0.27249,0.23154,0.375359,0.356787
0.528,-0.13421,-0.28861,0.2133,0.383151,0.359604
0.538,-0.15454,-0.30292,0.19296,0.390995,0.363332
0.547,-0.17371,-0.31463,0.17022,0.397671,0.367968
0.557,-0.1947,-0.32291,0.1464,0.40449,0.373513
0.566,-0.21416,-0.32674,0.12029,0.40877,0.379525
0.576,-0.23884,-0.32579,0.08629,0.413073,0.385771
0.585,-0.26438,-0.31759,0.04249,0.41541,0.391722
0.595,-0.29237,-0.30248,-0.00843,0.420768,0.397742
0.604,-0.32211,-0.2779,-0.06048,0.429699,0.403939
0.614,-0.35278,-0.24418,-0.10912,0.442702,0.410673
0.623,-0.38387,-0.21264,-0.15109,0.464112,0.418769
0.633,-0.41414,-0.19862,-0.18735,0.496046,0.429274
0.642,-0.43721,-0.19906,-0.2121,0.525132,0.44202
0.652,-0.45418,-0.20495,-0.22906,0.548409,0.456412
0.662,-0.46697,-0.21072,-0.23942,0.565496,0.472085
0.671,-0.47515,-0.21565,-0.24424,0.57613,0.48839
0.681,-0.48103,-0.21982,-0.24498,0.58286,0.505135
0.69,-0.48324,-0.22232,-0.24488,0.585588,0.521617
0.7,-0.48346,-0.22224,-0.24571,0.586087,0.537256
0.709,-0.48251,-0.21989,-0.24866,0.585661,0.551552
0.719,-0.47994,-0.21498,-0.254,0.584016,0.563543
0.729,-0.47656,-0.20788,-0.26093,0.581728,0.572111
0.738,-0.47342,-0.19982,-0.26979,0.58038,0.577636
0.748,-0.46987,-0.19124,-0.27892,0.578919,0.580687
0.757,-0.468,-0.18453,-0.28808,0.579711,0.582108
0.767,-0.4662,-0.17976,-0.29598,0.580741,0.582569
0.776,-0.46548,-0.17653,-0.30283,0.582701,0.582553
0.786,-0.46326,-0.17411,-0.31092,0.584462,0.582441
0.795,-0.46152,-0.17137,-0.31973,0.587023,0.582534
0.805,-0.45887,-0.16733,-0.33163,0.590372,0.583005
0.815,-0.45559,-0.16233,-0.34393,0.593465,0.58395
0.824,-0.45213,-0.15665,-0.35678,0.596869,0.585464
0.834,-0.44877,-0.15115,-0.36875,0.600181,0.587444
0.843,-0.44488,-0.14675,-0.37988,0.603127,0.589865
0.853,-0.44266,-0.1423,-0.38932,0.606438,0.592538
0.863,-0.44071,-0.13918,-0.39784,0.609814,0.595445
0.872,-0.43987,-0.13812,-0.40441,0.613278,0.598503
0.882,-0.44032,-0.13801,-0.40928,0.616797,0.601737
0.891,-0.44188,-0.13875,-0.41397,0.621193,0.605154
0.901,-0.44387,-0.14033,-0.41798,0.625636,0.60868
0.91,-0.44579,-0.14341,-0.42132,0.629925,0.612326
0.92,-0.44846,-0.14581,-0.42401,0.634162,0.616055
0.929,-0.45121,-0.14739,-0.42706,0.63851,0.619888
0.939,-0.45396,-0.14955,-0.42997,0.642899,0.623865
0.949,-0.45682,-0.1501,-0.43237,0.646652,0.627887
0.958,-0.4598,-0.15166,-0.43429,0.650403,0.631945
0.968,-0.46161,-0.15408,-0.43608,0.653445,0.635962
0.977,-0.46395,-0.15683,-0.43727,0.656544,0.639937
0.987,-0.46612,-0.16103,-0.4389,0.660176,0.643835
0.996,-0.46752,-0.16571,-0.43848,0.662042,0.647476
1.006,-0.46885,-0.17178,-0.43827,0.664386,0.650922
1.016,-0.47049,-0.17824,-0.4369,0.666342,0.65414
1.025,-0.47098,-0.18482,-0.43525,0.6674,0.657029
1.035,-0.47092,-0.19158,-0.43239,0.667405,0.65948
1.044,-0.46876,-0.19852,-0.42857,0.665446,0.661359
1.054,-0.46552,-0.20532,-0.42406,0.662338,0.662552
1.063,-0.46164,-0.21143,-0.41865,0.65809,0.663017
1.073,-0.45608,-0.2168,-0.41264,0.652137,0.662576
1.083,-0.44895,-0.22069,-0.40648,0.644582,0.661017
1.092,-0.44242,-0.22383,-0.39964,0.636826,0.658495
1.102,-0.43519,-0.22557,-0.39374,0.628732,0.65493
1.111,-0.42822,-0.22616,-0.38869,0.620967,0.650392
1.121,-0.42073,-0.2263,-0.38338,0.61254,0.644906
1.13,-0.41459,-0.22573,-0.3789,0.605313,0.638697
1.14,-0.40945,-0.2245,-0.37542,0.599158,0.632068
1.15,-0.40452,-0.22279,-0.37356,0.593986,0.625233
1.159,-0.39961,-0.22078,-0.37169,0.588715,0.618296
1.169,-0.39448,-0.21883,-0.371,0.584074,0.611489
1.178,-0.39224,-0.21704,-0.37059,0.581632,0.605194
1.188,-0.38943,-0.21486,-0.37106,0.579229,0.599435
1.197,-0.38667,-0.21347,-0.37093,0.576777,0.594239
1.207,-0.38392,-0.21124,-0.3721,0.57487,0.589629
1.217,-0.383,-0.2091,-0.37306,0.574095,0.585785
1.226,-0.38258,-0.20738,-0.37383,0.573692,0.582623
1.236,-0.382,-0.20595,-0.37441,0.573169,0.580024
1.245,-0.38162,-0.20481,-0.3759,0.573482,0.577974
1.255,-0.38093,-0.20386,-0.3768,0.573276,0.57643
1.264,-0.38054,-0.20276,-0.37799,0.57341,0.575363
1.274,-0.38018,-0.20165,-0.37945,0.573744,0.574574
1.284,-0.37982,-0.20095,-0.3812,0.574419,0.574093
1.293,-0.38065,-0.20038,-0.38221,0.57544,0.57396
1.303,-0.38051,-0.19982,-0.38375,0.576177,0.57409
1.312,-0.38082,-0.19976,-0.38558,0.577581,0.574439
1.322,-0.38236,-0.19942,-0.38669,0.579221,0.574992
1.331,-0.38252,-0.19964,-0.38756,0.579983,0.575673
1.341,-0.38318,-0.19941,-0.38891,0.581242,0.576449
1.351,-0.38379,-0.19956,-0.39005,0.582459,0.577368
1.36,-0.38503,-0.1994,-0.39126,0.584032,0.57843
1.37,-0.38516,-0.19939,-0.39298,0.585267,0.579582
1.379,-0.38571,-0.19964,-0.39425,0.586567,0.580797
1.389,-0.38652,-0.19991,-0.39539,0.587958,0.582049
1.398,-0.38638,-0.20002,-0.39659,0.588711,0.583302
1.408,-0.38691,-0.19987,-0.39798,0.589945,0.584539
1.418,-0.38707,-0.20019,-0.39896,0.59082,0.585699
1.427,-0.38687,-0.20097,-0.3999,0.591589,0.586859
1.437,-0.3876,-0.2008,-0.40075,0.592583,0.587993
1.446,-0.38703,-0.20111,-0.40159,0.592884,0.589036
1.456,-0.38837,-0.20165,-0.40218,0.594342,0.590067
1.465,-0.38829,-0.20178,-0.40291,0.594828,0.591023
1.475,-0.38915,-0.20197,-0.40341,0.595793,0.591946
1.485,-0.38945,-0.20215,-0.40379,0.596307,0.59278
1.494,-0.38915,-0.20217,-0.40417,0.596376,0.593547
1.504,-0.38945,-0.20225,-0.40488,0.59708,0.59426
1.513,-0.38991,-0.20293,-0.40545,0.597997,0.594978
1.523,-0.38995,-0.203,-0.40568,0.598203,0.595639
1.532,-0.39039,-0.20326,-0.40579,0.598652,0.596246
1.542,-0.39151,-0.20345,-0.40588,0.599509,0.596909
1.552,-0.39087,-0.2033,-0.40614,0.599216,0.597396
1.561,-0.39091,-0.20362,-0.40651,0.599602,0.597873
1.571,-0.39092,-0.20315,-0.40688,0.5997,0.598264
1.58,-0.39092,-0.20369,-0.40692,0.59991,0.598624
1.59,-0.39059,-0.20391,-0.40726,0.6,0.598987
1.599,-0.39067,-0.20385,-0.40763,0.600283,0.599307
1.609,-0.39089,-0.20376,-0.40792,0.600593,0.599567
1.619,-0.39081,-0.2035,-0.40794,0.600466,0.599793
1.628,-0.3908,-0.20347,-0.40862,0.600912,0.600019
1.638,-0.39037,-0.20356,-0.40852,0.600595,0.600128
1.647,-0.39,-0.20373,-0.40876,0.600575,0.600264
1.657,-0.39072,-0.2035,-0.40971,0.601612,0.600465
1.666,-0.39068,-0.20347,-0.41082,0.602332,0.600728
1.676,-0.39111,-0.20364,-0.41118,0.602914,0.601028
1.686,-0.39094,-0.20349,-0.41164,0.603067,0.601335
1.695,-0.39135,-0.20331,-0.41219,0.603648,0.601671
1.705,-0.39085,-0.20312,-0.41258,0.603526,0.601965
1.714,-0.39134,-0.20294,-0.41321,0.604214,0.602339
1.724,-0.39107,-0.20283,-0.41386,0.604447,0.602693
1.733,-0.39115,-0.20266,-0.41384,0.604428,0.603076
1.743,-0.39051,-0.20255,-0.41401,0.604093,0.603428
1.752,-0.39066,-0.20238,-0.41419,0.604257,0.603693
1.762,-0.39089,-0.20202,-0.41472,0.604648,0.603924
1.772,-0.39113,-0.20199,-0.41477,0.604828,0.604116
1.781,-0.39094,-0.20207,-0.41503,0.60491,0.6043
1.791,-0.39017,-0.20191,-0.4153,0.604545,0.60439
1.8,-0.39052,-0.20131,-0.41575,0.60488,0.604525
1.81,-0.39066,-0.20133,-0.41546,0.604778,0.604581
1.819,-0.39078,-0.20142,-0.41602,0.60527,0.604664
1.829,-0.39058,-0.20143,-0.41667,0.605591,0.60478
1.839,-0.39078,-0.20084,-0.4169,0.605683,0.604939
1.848,-0.39058,-0.20079,-0.41709,0.605668,0.60508
1.858,-0.39024,-0.20103,-0.41795,0.606121,0.605227
1.867,-0.39063,-0.20131,-0.41821,0.606644,0.605409
1.877,-0.39078,-0.201,-0.4184,0.606769,0.605595
1.886,-0.3909,-0.20097,-0.41918,0.607374,0.605878
1.896,-0.3907,-0.19979,-0.4201,0.607492,0.606139
1.906,-0.3896,-0.19943,-0.42044,0.606902,0.606351
1.915,-0.38992,-0.19906,-0.42081,0.607243,0.606549
1.925,-0.39006,-0.19835,-0.42102,0.607246,0.606714
1.934,-0.39029,-0.19845,-0.42112,0.607495,0.606895
1.944,-0.38989,-0.19887,-0.42214,0.608084,0.607137
1.953,-0.39028,-0.19883,-0.4225,0.608571,0.607382
1.963,-0.38956,-0.19833,-0.4227,0.608085,0.607526
1.973,-0.38992,-0.19811,-0.42272,0.608258,0.607675
1.982,-0.38963,-0.19759,-0.42289,0.608021,0.60774
1.992,-0.38971,-0.19762,-0.42308,0.608214,0.607812
2.001,-0.3894,-0.19762,-0.42326,0.608141,0.607936
2.011,-0.3899,-0.19729,-0.42286,0.608076,0.608019
2.02,-0.38952,-0.19742,-0.42274,0.607791,0.608073
2.03,-0.38916,-0.1971,-0.42298,0.607623,0.608086
2.04,-0.38934,-0.19698,-0.42275,0.60754,0.608032
2.049,-0.38893,-0.19764,-0.42306,0.607707,0.607945
2.059,-0.38889,-0.19804,-0.42284,0.607659,0.607903
2.068,-0.38888,-0.19858,-0.42324,0.608107,0.607888
2.078,-0.38856,-0.19864,-0.42286,0.607657,0.607851
2.088,-0.38853,-0.19864,-0.42307,0.607784,0.607808
2.097,-0.38852,-0.19831,-0.42326,0.607802,0.607775
2.107,-0.38863,-0.19861,-0.4232,0.607929,0.60776
2.116,-0.38832,-0.19864,-0.42277,0.607441,0.607725
2.126,-0.38893,-0.19831,-0.42306,0.607925,0.607755
2.136,-0.38846,-0.19802,-0.42318,0.607614,0.607763
2.145,-0.38841,-0.19816,-0.42319,0.607634,0.607755
2.155,-0.38883,-0.19768,-0.4226,0.607336,0.607723
2.164,-0.38877,-0.19738,-0.42254,0.607158,0.607628
2.174,-0.38855,-0.19693,-0.42287,0.607101,0.607572
2.184,-0.38831,-0.19663,-0.42291,0.606878,0.607482
2.193,-0.38861,-0.19719,-0.42358,0.607718,0.607473
2.203,-0.38832,-0.19733,-0.42331,0.60739,0.60742
2.212,-0.3885,-0.19768,-0.42278,0.60725,0.6074
2.222,-0.38874,-0.19813,-0.42231,0.607223,0.60733
2.231,-0.38779,-0.19876,-0.42268,0.607079,0.607277
2.241,-0.38834,-0.19941,-0.42238,0.607435,0.607257
2.251,-0.38807,-0.19922,-0.42244,0.607242,0.607247
2.26,-0.38794,-0.19937,-0.42269,0.607382,0.60727
2.27,-0.3876,-0.1998,-0.42289,0.607445,0.607304
2.279,-0.38811,-0.19959,-0.42265,0.607535,0.60737
2.289,-0.3874,-0.19932,-0.42263,0.606979,0.607296
2.299,-0.38766,-0.19871,-0.42254,0.606882,0.607245
2.308,-0.38768,-0.1984,-0.42245,0.606731,0.607193
2.318,-0.38715,-0.19837,-0.42261,0.606494,0.60712
2.327,-0.38709,-0.19728,-0.42296,0.606344,0.607047
2.337,-0.38709,-0.19759,-0.42283,0.606354,0.606939
2.346,-0.38709,-0.1972,-0.4224,0.605928,0.606807
2.356,-0.38655,-0.19766,-0.42252,0.605816,0.606651
2.366,-0.3866,-0.19746,-0.4227,0.605909,0.606497
2.375,-0.38628,-0.19786,-0.42255,0.60573,0.606317
2.385,-0.38604,-0.19856,-0.42254,0.605799,0.606199
2.394,-0.38601,-0.19964,-0.42237,0.606017,0.606112
2.404,-0.3859,-0.20058,-0.42184,0.605888,0.606028
2.414,-0.386,-0.20109,-0.42137,0.605794,0.605958
2.423,-0.38547,-0.20131,-0.42107,0.60532,0.605856
2.433,-0.38541,-0.20183,-0.42079,0.605261,0.605746
2.442,-0.38541,-0.20172,-0.42076,0.605203,0.605674
2.452,-0.38509,-0.20154,-0.42051,0.604766,0.605569
2.461,-0.38527,-0.20152,-0.42082,0.605089,0.605487
2.471,-0.3854,-0.2011,-0.42076,0.60499,0.605413
2.481,-0.38487,-0.20039,-0.42076,0.604417,0.605274
2.49,-0.38536,-0.20024,-0.42067,0.604617,0.605134
2.5,-0.38573,-0.20006,-0.42016,0.604439,0.60499
2.509,-0.38566,-0.2002,-0.42053,0.604698,0.60488
2.519,-0.385,-0.20039,-0.41998,0.603957,0.604744
2.528,-0.38483,-0.20057,-0.42009,0.603985,0.604616
2.538,-0.38546,-0.20076,-0.42036,0.604638,0.60456
2.548,-0.3852,-0.20111,-0.42013,0.604428,0.604526
2.557,-0.3856,-0.20148,-0.42044,0.605022,0.604519
2.567,-0.38554,-0.2021,-0.42014,0.604982,0.604518
2.576,-0.38553,-0.20233,-0.41985,0.604851,0.604562
2.586,-0.38488,-0.20286,-0.41941,0.604309,0.604531
2.595,-0.38536,-0.20274,-0.41936,0.60454,0.604541
2.605,-0.38476,-0.2029,-0.4191,0.604031,0.604474
2.615,-0.3847,-0.20316,-0.41883,0.603893,0.604468
2.624,-0.3848,-0.20327,-0.41863,0.603855,0.604455
2.634,-0.38535,-0.20245,-0.41895,0.604152,0.604406
2.643,-0.38486,-0.20245,-0.41814,0.603278,0.604291
2.653,-0.38514,-0.20203,-0.41814,0.603316,0.604121
2.662,-0.38506,-0.20124,-0.4189,0.603528,0.603975
2.672,-0.3843,-0.20124,-0.41931,0.603328,0.603823
2.682,-0.38454,-0.20149,-0.41927,0.603537,0.603746
2.691,-0.38446,-0.20135,-0.41901,0.603258,0.603618
2.701,-0.38488,-0.20142,-0.41915,0.603647,0.603579
2.71,-0.38503,-0.20143,-0.41934,0.603878,0.603578
2.72,-0.38472,-0.20185,-0.41952,0.603945,0.603587
2.729,-0.38459,-0.20222,-0.41912,0.603709,0.603542
2.739,-0.3849,-0.20234,-0.41916,0.603974,0.603612
2.749,-0.38493,-0.20252,-0.41942,0.604234,0.603704
2.758,-0.38461,-0.20237,-0.42004,0.604411,0.603792
2.768,-0.38468,-0.20253,-0.41984,0.60437,0.603896
2.777,-0.3848,-0.20237,-0.41991,0.604441,0.603987
2.787,-0.38405,-0.20161,-0.41958,0.60348,0.604009
2.797,-0.38463,-0.20145,-0.4203,0.604297,0.604074
2.806,-0.38468,-0.2016,-0.4208,0.604726,0.604159
2.816,-0.38447,-0.20086,-0.42085,0.604381,0.604202
2.825,-0.38445,-0.20087,-0.42119,0.604609,0.604292
2.835,-0.38467,-0.20087,-0.42139,0.604888,0.604384
2.844,-0.3849,-0.20054,-0.42141,0.604939,0.604454
2.854,-0.38493,-0.20025,-0.42209,0.605336,0.604547
2.864,-0.38482,-0.20031,-0.42224,0.60539,0.604649
2.873,-0.38535,-0.20031,-0.42234,0.605797,0.604784
2.883,-0.38562,-0.20006,-0.42252,0.606012,0.605037
2.892,-0.38575,-0.20054,-0.42203,0.605911,0.605199
2.902,-0.38501,-0.20034,-0.42232,0.605577,0.605284
2.912,-0.38483,-0.20048,-0.42184,0.605174,0.605363
2.921,-0.38503,-0.20058,-0.42196,0.605418,0.605444
2.931,-0.38505,-0.20084,-0.42265,0.605998,0.605555
2.94,-0.38516,-0.20087,-0.42213,0.605715,0.605633
2.95,-0.38517,-0.2007,-0.42199,0.605567,0.605656
2.959,-0.38517,-0.20044,-0.42214,0.605586,0.605675
2.969,-0.38517,-0.20066,-0.4225,0.60591,0.605687
2.979,-0.38495,-0.20043,-0.42287,0.605952,0.605681
2.988,-0.38461,-0.20024,-0.42307,0.605813,0.605671
2.998,-0.3849,-0.19981,-0.42284,0.605694,0.605683
3.007,-0.38514,-0.19976,-0.42324,0.60611,0.605776
3.017,-0.38463,-0.19967,-0.42319,0.605721,0.605807
3.026,-0.3849,-0.1995,-0.42302,0.605718,0.605779
3.036,-0.38471,-0.19931,-0.42326,0.605702,0.605777
3.046,-0.38469,-0.19888,-0.42353,0.605737,0.605794
3.055,-0.38458,-0.199,-0.42373,0.605846,0.60582
3.065,-0.38414,-0.19876,-0.424,0.605677,0.605797
3.074,-0.3842,-0.19891,-0.4242,0.605905,0.605792
3.084,-0.38443,-0.19917,-0.42405,0.606031,0.605814
3.094,-0.38423,-0.19895,-0.42403,0.605818,0.605827
3.103,-0.38464,-0.19917,-0.42437,0.606388,0.605854
3.113,-0.38479,-0.1987,-0.42465,0.606525,0.605935
3.122,-0.38438,-0.19882,-0.42426,0.606031,0.605966
3.132,-0.38423,-0.19899,-0.42372,0.605614,0.605957
3.141,-0.38411,-0.19868,-0.424,0.605632,0.605947
3.151,-0.3842,-0.19856,-0.42411,0.605727,0.605935
3.161,-0.38443,-0.19872,-0.42396,0.60582,0.605949
3.17,-0.38413,-0.19882,-0.42377,0.60553,0.605912
3.18,-0.38453,-0.19883,-0.42409,0.606011,0.60591
3.189,-0.38467,-0.19808,-0.42446,0.606113,0.605939
3.199,-0.3848,-0.19834,-0.42382,0.605833,0.605884
3.209,-0.38481,-0.19844,-0.42418,0.606124,0.605843
3.218,-0.38492,-0.19829,-0.42421,0.606165,0.605857
3.228,-0.38417,-0.19819,-0.42464,0.605958,0.605891
3.237,-0.38442,-0.19851,-0.42451,0.60613,0.605941
3.247,-0.38488,-0.19804,-0.42458,0.606317,0.606
3.256,-0.3846,-0.19825,-0.42451,0.606159,0.606034
3.266,-0.38447,-0.19827,-0.42458,0.606132,0.606094
3.276,-0.38445,-0.1981,-0.42459,0.606071,0.6061
3.285,-0.38424,-0.19817,-0.42476,0.60608,0.606097
3.295,-0.38454,-0.19826,-0.42461,0.606194,0.606133
3.304,-0.38403,-0.19844,-0.42417,0.605622,0.606083
3.314,-0.38398,-0.19845,-0.42463,0.605916,0.606058
3.324,-0.38397,-0.19846,-0.42443,0.605772,0.606039
3.333,-0.38419,-0.19854,-0.42458,0.606043,0.606031
3.343,-0.38399,-0.19872,-0.42442,0.605863,0.605985
3.352,-0.38408,-0.19857,-0.4239,0.605507,0.60592
3.362,-0.38431,-0.19838,-0.42385,0.605556,0.605862
3.372,-0.38444,-0.19845,-0.42359,0.605479,0.605803
3.381,-0.38413,-0.19846,-0.42348,0.605209,0.605716
3.391,-0.38442,-0.19837,-0.42364,0.605475,0.605644
3.4,-0.38445,-0.19836,-0.42332,0.605267,0.605609
3.41,-0.38402,-0.19811,-0.42354,0.605066,0.605524
3.419,-0.38376,-0.19867,-0.42322,0.604861,0.605433
3.429,-0.38417,-0.19848,-0.42311,0.604982,0.605326
3.439,-0.38421,-0.19854,-0.42318,0.605076,0.605248
3.448,-0.3841,-0.19897,-0.4231,0.605091,0.605206
3.458,-0.38442,-0.19918,-0.4231,0.605364,0.605187
3.467,-0.38402,-0.19945,-0.42242,0.604723,0.605111
3.477,-0.38398,-0.19964,-0.42252,0.60483,0.605074
3.487,-0.38365,-0.19991,-0.4227,0.604836,0.60501
3.496,-0.38362,-0.20002,-0.42221,0.604511,0.604934
3.506,-0.38394,-0.20012,-0.42233,0.604831,0.604911
3.515,-0.38397,-0.19988,-0.42218,0.604666,0.604891
3.525,-0.38354,-0.1996,-0.4225,0.604524,0.604845
3.534,-0.38382,-0.19924,-0.42262,0.604667,0.604804
3.544,-0.38396,-0.19895,-0.42237,0.604486,0.604744
3.554,-0.3844,-0.19876,-0.42235,0.604689,0.604676
3.563,-0.38423,-0.19874,-0.42277,0.604868,0.604691
3.573,-0.384,-0.1989,-0.42273,0.604746,0.604682
3.582,-0.38354,-0.19842,-0.42255,0.60417,0.604616
3.592,-0.38317,-0.19912,-0.4222,0.603921,0.604557
3.602,-0.38368,-0.19936,-0.42259,0.604597,0.604533
3.611,-0.38362,-0.1998,-0.42237,0.60455,0.604522
3.621,-0.38361,-0.20001,-0.42252,0.604718,0.604541
3.63,-0.38318,-0.20012,-0.42279,0.60467,0.604541
3.64,-0.38368,-0.20021,-0.42264,0.604912,0.604584
3.649,-0.38383,-0.20047,-0.42229,0.604849,0.6046
3.659,-0.38407,-0.20025,-0.42243,0.605026,0.604616
3.669,-0.38398,-0.20039,-0.42227,0.604904,0.604632
3.678,-0.38365,-0.20007,-0.42242,0.604693,0.604684
3.688,-0.38362,-0.19996,-0.42252,0.604708,0.604763
3.697,-0.38372,-0.20011,-0.42237,0.604716,0.604775
3.707,-0.38373,-0.19979,-0.42252,0.604721,0.604792
3.717,-0.38416,-0.19943,-0.42253,0.604882,0.604808
3.726,-0.38399,-0.19964,-0.4227,0.604963,0.604838
3.736,-0.38365,-0.19949,-0.42255,0.604592,0.604806
3.745,-0.3834,-0.19923,-0.42203,0.603985,0.604719
3.755,-0.38284,-0.1997,-0.42181,0.603631,0.60458
3.764,-0.38364,-0.2,-0.42213,0.604461,0.604535
3.774,-0.38383,-0.19995,-0.42241,0.604761,0.604542
3.784,-0.38407,-0.19986,-0.42244,0.604904,0.604562
3.793,-0.38409,-0.19985,-0.42219,0.604739,0.604564
3.803,-0.38366,-0.19977,-0.422,0.604307,0.604523
3.812,-0.38373,-0.20009,-0.42198,0.604443,0.604479
3.822,-0.38395,-0.20012,-0.42172,0.604412,0.604424
3.832,-0.38343,-0.19996,-0.42153,0.603896,0.604354
3.841,-0.38338,-0.2002,-0.42193,0.604223,0.604378
3.851,-0.38402,-0.20014,-0.42214,0.604756,0.60449
3.86,-0.38355,-0.19979,-0.42207,0.604293,0.604473
3.87,-0.38382,-0.19959,-0.42249,0.604691,0.604466
3.879,-0.38353,-0.19874,-0.42253,0.604255,0.604402
3.889,-0.38382,-0.19857,-0.42253,0.604384,0.604366
3.899,-0.38385,-0.1983,-0.42237,0.604202,0.604355
3.908,-0.38353,-0.19861,-0.42227,0.604031,0.604314
3.918,-0.38328,-0.19872,-0.42251,0.604076,0.604281
3.927,-0.38358,-0.19857,-0.4227,0.60435,0.604326
3.937,-0.38383,-0.1988,-0.42272,0.604598,0.604364
3.947,-0.3832,-0.19832,-0.42331,0.604454,0.604333
3.956,-0.38346,-0.19895,-0.42295,0.604574,0.604362
3.966,-0.38306,-0.19884,-0.42308,0.604375,0.60433
3.975,-0.38291,-0.199,-0.42267,0.604046,0.604309
3.985,-0.38322,-0.19834,-0.42272,0.60406,0.604277
3.994,-0.38271,-0.19803,-0.42272,0.603635,0.60422
4.004,-0.38266,-0.19825,-0.42289,0.603794,0.604196
4.014,-0.38287,-0.19835,-0.42358,0.604444,0.604233
4.023,-0.38268,-0.1982,-0.42382,0.604442,0.604242
4.033,-0.38276,-0.19843,-0.42384,0.604583,0.604241
4.042,-0.38256,-0.19862,-0.42393,0.604581,0.604253
4.052,-0.38351,-0.19814,-0.42394,0.605033,0.604299
4.062,-0.38349,-0.19826,-0.42419,0.605234,0.604385
4.071,-0.38295,-0.1981,-0.42447,0.605036,0.604484
4.081,-0.38301,-0.19842,-0.4245,0.6052,0.604598
4.09,-0.38334,-0.19854,-0.42433,0.605329,0.604768
4.1,-0.38305,-0.19872,-0.42415,0.605079,0.604896
4.109,-0.38259,-0.19832,-0.42463,0.604993,0.604951
4.119,-0.38329,-0.19861,-0.4246,0.60551,0.605058
4.129,-0.38326,-0.19847,-0.42476,0.605557,0.605155
4.138,-0.38325,-0.19846,-0.42461,0.605442,0.605241
4.148,-0.38282,-0.19862,-0.42476,0.605328,0.605271
4.157,-0.38343,-0.19847,-0.42461,0.60556,0.605304
4.167,-0.38349,-0.19863,-0.42434,0.605461,0.605346
4.177,-0.38349,-0.19856,-0.42406,0.605242,0.60535
4.186,-0.38285,-0.1988,-0.42471,0.605371,0.605354
4.196,-0.38289,-0.19866,-0.42486,0.605456,0.605392
4.205,-0.38279,-0.19806,-0.42479,0.605147,0.605407
4.215,-0.38299,-0.19783,-0.42453,0.605016,0.605358
4.225,-0.38334,-0.19798,-0.42534,0.605855,0.605388
4.234,-0.38337,-0.19766,-0.42542,0.605825,0.605426
4.244,-0.38294,-0.19804,-0.42569,0.605867,0.60548
4.253,-0.38311,-0.19758,-0.42554,0.605719,0.605496
4.263,-0.38292,-0.1977,-0.42544,0.605568,0.605506
4.272,-0.38311,-0.19796,-0.42535,0.60571,0.605553
4.282,-0.38292,-0.19782,-0.42568,0.605775,0.605594
4.292,-0.38376,-0.19814,-0.42537,0.606194,0.605667
4.301,-0.38298,-0.19843,-0.42518,0.605662,0.605719
4.311,-0.38258,-0.19804,-0.42499,0.605148,0.605732
4.32,-0.38276,-0.19833,-0.42539,0.605637,0.60571
4.33,-0.38245,-0.19786,-0.42509,0.605077,0.605636
4.34,-0.38253,-0.19756,-0.42548,0.605304,0.605579
4.349,-0.38264,-0.1977,-0.42502,0.605096,0.605517
4.359,-0.38244,-0.19813,-0.42497,0.605075,0.605468
4.368,-0.38209,-0.19826,-0.42497,0.604896,0.605386
4.378,-0.38228,-0.19777,-0.42463,0.604617,0.60527
4.387,-0.38197,-0.1978,-0.42443,0.60429,0.60508
4.397,-0.38226,-0.19781,-0.42424,0.604344,0.604948
4.407,-0.38143,-0.19789,-0.42473,0.604189,0.604852
4.416,-0.38178,-0.19773,-0.42427,0.604035,0.604692
4.426,-0.38214,-0.19772,-0.42405,0.604105,0.604595
4.435,-0.3825,-0.19788,-0.42412,0.604434,0.604508
4.445,-0.38296,-0.19781,-0.42446,0.604941,0.604493
4.455,-0.38312,-0.19781,-0.42424,0.604888,0.604474
4.464,-0.38281,-0.19831,-0.42405,0.604722,0.604456
4.474,-0.38299,-0.19844,-0.42386,0.604745,0.604469
4.483,-0.38301,-0.19871,-0.42334,0.604482,0.604489
4.493,-0.38323,-0.19865,-0.42329,0.604567,0.604511
4.503,-0.38368,-0.19856,-0.42295,0.604585,0.60455
4.512,-0.38297,-0.19822,-0.42325,0.604233,0.60457
4.522,-0.38301,-0.19827,-0.4232,0.60424,0.604584
4.531,-0.38312,-0.19844,-0.42327,0.604414,0.604582
4.541,-0.38302,-0.19845,-0.42328,0.604361,0.604524
4.55,-0.38269,-0.19846,-0.42278,0.603805,0.604416
4.56,-0.38266,-0.19904,-0.42298,0.604117,0.604355
4.57,-0.38319,-0.19877,-0.42266,0.60414,0.604295
4.579,-0.38249,-0.19882,-0.42272,0.603755,0.604222
4.589,-0.38242,-0.19858,-0.42323,0.603989,0.604164
4.598,-0.38242,-0.19864,-0.42336,0.6041,0.604116
4.608,-0.38231,-0.19839,-0.42304,0.603724,0.604065
4.618,-0.3824,-0.19862,-0.42343,0.60413,0.604054
4.627,-0.38231,-0.19839,-0.42321,0.603843,0.603996
4.637,-0.38251,-0.19845,-0.42277,0.603681,0.603928
4.646,-0.38221,-0.19854,-0.42273,0.603493,0.603897
4.656,-0.38239,-0.19847,-0.42255,0.603458,0.603831
4.665,-0.38231,-0.19846,-0.42296,0.603691,0.603786
4.675,-0.38273,-0.19887,-0.42359,0.604533,0.603864
4.685,-0.38212,-0.19833,-0.42315,0.603661,0.603831
4.694,-0.38228,-0.19878,-0.42285,0.6037,0.603791
4.704,-0.38251,-0.19882,-0.42273,0.603775,0.603796
4.713,-0.38275,-0.19858,-0.42255,0.603722,0.603755
4.723,-0.3831,-0.19864,-0.42245,0.603894,0.603761
4.733,-0.38302,-0.19898,-0.4227,0.60413,0.603805
4.742,-0.38291,-0.19901,-0.42264,0.604028,0.603859
4.752,-0.38279,-0.19885,-0.42271,0.603948,0.603908
4.761,-0.38288,-0.19833,-0.42264,0.603785,0.603917
4.771,-0.38268,-0.19886,-0.42238,0.603651,0.603829
4.78,-0.38287,-0.19866,-0.42302,0.604153,0.603878
4.79,-0.38343,-0.19856,-0.42309,0.604524,0.603961
4.8,-0.38316,-0.19847,-0.42293,0.604212,0.604005
4.809,-0.38335,-0.19854,-0.42316,0.604516,0.604084
4.819,-0.38337,-0.19847,-0.42327,0.604583,0.604153
4.828,-0.38283,-0.19829,-0.42328,0.604188,0.604159
4.838,-0.383,-0.19861,-0.42286,0.604107,0.604167
4.848,-0.38269,-0.19814,-0.42333,0.604086,0.604181
4.857,-0.38277,-0.19851,-0.42329,0.60423,0.604225
4.867,-0.38245,-0.19863,-0.42354,0.604242,0.604284
4.876,-0.3822,-0.19872,-0.42314,0.603833,0.604252
4.886,-0.38207,-0.19832,-0.42327,0.60371,0.604171
4.896,-0.38249,-0.19819,-0.42379,0.604298,0.604179
4.905,-0.38221,-0.19818,-0.4235,0.603914,0.604119
4.915,-0.38207,-0.19809,-0.42347,0.603775,0.604038
4.924,-0.3826,-0.198,-0.42347,0.604081,0.604027
4.934,-0.38297,-0.19816,-0.4233,0.604249,0.604042
4.944,-0.3829,-0.19776,-0.42362,0.604297,0.604063
4.953,-0.38322,-0.19797,-0.42382,0.604709,0.604111
4.963,-0.3825,-0.19849,-0.42384,0.604438,0.60413
4.972,-0.38232,-0.19838,-0.42393,0.604351,0.604182
4.982,-0.38208,-0.19845,-0.42444,0.60458,0.604269
4.991,-0.38184,-0.19862,-0.42399,0.604168,0.604256
5.001,-0.38225,-0.19872,-0.42403,0.604488,0.604314
5.011,-0.3824,-0.19865,-0.42386,0.604441,0.60438
5.02,-0.38241,-0.19823,-0.42401,0.604415,0.604414
5.03,-0.38252,-0.19818,-0.42319,0.603893,0.604378
5.039,-0.38264,-0.19826,-0.42361,0.60429,0.604377
5.049,-0.38255,-0.19819,-0.42416,0.604595,0.604366
5.059,-0.38232,-0.19826,-0.42455,0.604746,0.604397
5.068,-0.38241,-0.19844,-0.42425,0.604652,0.604427
5.078,-0.38241,-0.19854,-0.42372,0.604313,0.6044
5.087,-0.38242,-0.19863,-0.424,0.604545,0.604438
5.097,-0.38317,-0.19856,-0.42386,0.604899,0.604479
5.107,-0.38238,-0.1983,-0.42401,0.604419,0.604477
5.116,-0.38274,-0.19811,-0.42437,0.604837,0.604519
5.126,-0.38234,-0.19775,-0.42457,0.604606,0.60459
5.135,-0.38198,-0.19788,-0.42442,0.604316,0.604593
5.145,-0.38172,-0.19823,-0.42407,0.60402,0.604535
5.154,-0.38148,-0.1981,-0.42378,0.603622,0.604423
5.164,-0.38189,-0.19859,-0.42451,0.604555,0.604413
5.174,-0.38236,-0.19847,-0.42475,0.604981,0.60448
5.183,-0.38219,-0.19863,-0.42368,0.604175,0.604443
5.193,-0.38142,-0.19822,-0.42383,0.603659,0.604319
5.202,-0.38135,-0.19802,-0.42401,0.603676,0.604245
5.212,-0.38155,-0.19841,-0.42394,0.603881,0.604149
5.221,-0.38179,-0.19812,-0.42411,0.604057,0.604094
5.231,-0.38181,-0.19809,-0.42421,0.60413,0.604076
5.241,-0.38192,-0.19775,-0.42472,0.604446,0.604118
5.25,-0.38226,-0.1978,-0.42427,0.604361,0.604192
5.26,-0.38229,-0.19789,-0.42414,0.604318,0.604168
5.269,-0.38186,-0.19748,-0.42446,0.604137,0.604084
5.279,-0.38193,-0.19786,-0.42407,0.604032,0.60407
5.289,-0.38215,-0.19764,-0.4242,0.60419,0.604123
5.298,-0.38228,-0.19796,-0.42354,0.603914,0.604147
5.308,-0.38154,-0.19832,-0.42398,0.603873,0.604146
5.317,-0.38168,-0.19836,-0.42386,0.60389,0.604129
5.327,-0.38126,-0.19811,-0.42359,0.603353,0.604052
5.336,-0.38176,-0.19851,-0.42365,0.603843,0.603991
5.346,-0.38138,-0.19779,-0.42357,0.60331,0.603886
5.356,-0.38134,-0.19755,-0.42399,0.603501,0.603804
5.365,-0.38123,-0.19812,-0.42377,0.603464,0.603737
5.375,-0.38176,-0.198,-0.42375,0.603746,0.603709
5.384,-0.38181,-0.19816,-0.424,0.604005,0.60369
5.394,-0.38257,-0.19759,-0.42352,0.603963,0.603695
5.404,-0.38243,-0.19745,-0.42339,0.603737,0.603681
5.413,-0.38199,-0.19777,-0.42329,0.603493,0.603641
5.423,-0.38183,-0.19755,-0.42345,0.603432,0.603649
5.432,-0.38149,-0.19736,-0.42347,0.603169,0.603582
5.442,-0.38114,-0.19751,-0.42339,0.60294,0.603545
5.451,-0.38175,-0.19753,-0.42329,0.603262,0.603521
5.461,-0.38235,-0.19753,-0.42362,0.603874,0.603562
5.471,-0.3823,-0.19778,-0.42332,0.603714,0.603559
5.48,-0.38176,-0.19772,-0.42329,0.603331,0.603491
5.49,-0.38203,-0.19788,-0.42253,0.603022,0.603397
5.499,-0.38205,-0.1979,-0.42312,0.603454,0.603369
5.509,-0.38173,-0.19815,-0.42293,0.603201,0.60334
5.519,-0.38192,-0.19826,-0.42283,0.603287,0.603325
5.528,-0.38183,-0.19852,-0.42273,0.603245,0.603333
5.538,-0.38203,-0.19805,-0.42298,0.603393,0.603378
5.547,-0.38173,-0.19825,-0.42308,0.603339,0.603386
5.557,-0.38213,-0.19802,-0.42318,0.603586,0.603357
5.567,-0.38217,-0.19733,-0.4231,0.60333,0.603319
5.576,-0.38261,-0.19734,-0.42327,0.603731,0.603359
5.586,-0.38222,-0.19726,-0.42353,0.60364,0.603421
5.595,-0.38207,-0.19717,-0.42356,0.603537,0.603429
5.605,-0.38227,-0.19766,-0.42398,0.604118,0.603521
5.614,-0.38251,-0.19771,-0.42335,0.603845,0.603576
5.624,-0.38232,-0.19763,-0.42354,0.603831,0.603635
5.634,-0.38284,-0.19796,-0.42331,0.604108,0.603706
5.643,-0.38224,-0.19857,-0.42295,0.603676,0.60374
5.653,-0.38218,-0.19855,-0.42325,0.603841,0.603766
5.662,-0.38261,-0.1983,-0.42328,0.604052,0.603838
5.672,-0.38243,-0.19903,-0.42311,0.604059,0.603871
5.682,-0.38209,-0.19851,-0.42276,0.603428,0.603849
5.691,-0.38195,-0.19863,-0.42306,0.603589,0.603855
5.701,-0.38226,-0.19831,-0.42343,0.603939,0.603837
5.71,-0.38186,-0.19827,-0.4233,0.603582,0.60381
5.72,-0.38236,-0.19777,-0.42345,0.603839,0.603811
5.729,-0.38219,-0.19755,-0.42347,0.603674,0.603768
5.739,-0.38218,-0.19753,-0.4233,0.603542,0.603755
5.749,-0.38185,-0.19744,-0.42337,0.603352,0.603706
5.758,-0.3815,-0.19727,-0.42304,0.602844,0.603585
5.768,-0.38168,-0.19742,-0.42301,0.602986,0.603477
5.777,-0.38202,-0.19743,-0.42292,0.603141,0.603449
5.787,-0.38184,-0.19769,-0.42308,0.603225,0.603412
5.797,-0.38193,-0.19788,-0.42326,0.60347,0.603365
5.806,-0.38269,-0.19781,-0.42345,0.604062,0.603413
5.816,-0.38201,-0.19806,-0.4233,0.603608,0.60339
5.825,-0.38173,-0.19825,-0.42328,0.603479,0.603371
5.835,-0.38202,-0.19844,-0.42295,0.603494,0.603366
5.845,-0.38151,-0.19787,-0.42325,0.603194,0.60335
5.854,-0.3806,-0.19798,-0.42269,0.602262,0.603292
5.864,-0.38105,-0.19766,-0.42339,0.602933,0.603287
5.873,-0.38185,-0.19754,-0.42329,0.603329,0.603305
5.883,-0.38128,-0.19669,-0.42328,0.602683,0.603251
5.892,-0.38166,-0.19711,-0.42328,0.603061,0.60321
5.902,-0.38255,-0.1969,-0.42354,0.603739,0.603178
5.912,-0.38275,-0.1963,-0.42398,0.603979,0.603215
5.921,-0.38256,-0.1964,-0.42394,0.603863,0.603254
5.931,-0.38232,-0.19708,-0.4236,0.603694,0.603274
5.94,-0.38208,-0.19698,-0.42331,0.603306,0.603285
5.95,-0.38141,-0.19722,-0.42362,0.603178,0.603376
5.96,-0.38145,-0.198,-0.42315,0.603129,0.603396
5.969,-0.38146,-0.19841,-0.4231,0.603235,0.603386
5.979,-0.382,-0.1982,-0.42352,0.603802,0.603498
5.988,-0.38216,-0.1981,-0.42347,0.603835,0.603576
5.998,-0.38271,-0.19834,-0.42313,0.604024,0.603604
6.008,-0.38201,-0.19778,-0.4236,0.603726,0.603579
6.017,-0.38227,-0.1978,-0.42374,0.603996,0.603592
6.027,-0.38197,-0.19714,-0.42383,0.603653,0.603588
6.036,-0.38183,-0.19665,-0.42384,0.603412,0.603599
6.046,-0.38139,-0.19677,-0.42435,0.603531,0.603634
6.055,-0.38134,-0.1967,-0.42373,0.603041,0.603625
6.065,-0.38155,-0.19678,-0.424,0.603389,0.603641
6.075,-0.38168,-0.19662,-0.42411,0.603497,0.60361
6.084,-0.38202,-0.19627,-0.42404,0.603549,0.603582
6.094,-0.38119,-0.19657,-0.42403,0.603114,0.603491
6.103,-0.38111,-0.19676,-0.42437,0.603365,0.603455
6.113,-0.38099,-0.19662,-0.42406,0.603025,0.603358
6.123,-0.38066,-0.19694,-0.42361,0.602605,0.603253
6.132,-0.38127,-0.1973,-0.42323,0.602841,0.603196
6.142,-0.38122,-0.19759,-0.42353,0.603115,0.603154
6.151,-0.38197,-0.19845,-0.4239,0.604131,0.603263
6.161,-0.38172,-0.19796,-0.42351,0.603539,0.603278
6.17,-0.38213,-0.19757,-0.42331,0.60353,0.603282
6.18,-0.38206,-0.19762,-0.42337,0.603544,0.603281
6.19,-0.38141,-0.19729,-0.42312,0.602849,0.603255
6.199,-0.38199,-0.19734,-0.4236,0.60357,0.603275
6.209,-0.38151,-0.19709,-0.42365,0.603219,0.603294
6.218,-0.38157,-0.19682,-0.42315,0.602818,0.603316
6.228,-0.38136,-0.1967,-0.42344,0.60285,0.603317
6.237,-0.38166,-0.19678,-0.42355,0.603143,0.603319
6.247,-0.38137,-0.19678,-0.42365,0.60303,0.603209
6.257,-0.38102,-0.19662,-0.42382,0.602876,0.603143
6.266,-0.38066,-0.19677,-0.42384,0.602711,0.603061
6.276,-0.38138,-0.19703,-0.42342,0.602956,0.603002
6.285,-0.38123,-0.19681,-0.42338,0.602761,0.602993
6.295,-0.38176,-0.19729,-0.42329,0.60319,0.602955
6.305,-0.3817,-0.1975,-0.42337,0.603277,0.602961
6.314,-0.38181,-0.19753,-0.42295,0.603062,0.602986
6.324,-0.38128,-0.19795,-0.42308,0.602955,0.602996
6.333,-0.38155,-0.19774,-0.42301,0.603008,0.602983
6.343,-0.38147,-0.19772,-0.42326,0.603127,0.602992
6.353,-0.38178,-0.19755,-0.42362,0.60352,0.603057
6.362,-0.38192,-0.1977,-0.42332,0.603447,0.60313
6.372,-0.3815,-0.19713,-0.42362,0.603205,0.603155
6.381,-0.38189,-0.1969,-0.4234,0.603222,0.603201
6.391,-0.38215,-0.1968,-0.42388,0.603691,0.603251
6.4,-0.38217,-0.1962,-0.42376,0.603424,0.603266
6.41,-0.38174,-0.19631,-0.42316,0.602766,0.603237
6.42,-0.38202,-0.19632,-0.4231,0.602905,0.603232
6.429,-0.38173,-0.19649,-0.4231,0.602777,0.603208
6.439,-0.38159,-0.19684,-0.42318,0.602858,0.603182
6.448,-0.38082,-0.19712,-0.42327,0.602526,0.603082
6.458,-0.38086,-0.19766,-0.42278,0.602384,0.602976
6.468,-0.38097,-0.19821,-0.42273,0.602599,0.602915
6.477,-0.38152,-0.19776,-0.42264,0.602736,0.602867
6.487,-0.38082,-0.1978,-0.42271,0.602356,0.602733
6.496,-0.38053,-0.19772,-0.42289,0.602273,0.602618
6.506,-0.38018,-0.19721,-0.42274,0.601779,0.602519
6.515,-0.38079,-0.19691,-0.42281,0.602115,0.60244
6.525,-0.38107,-0.19688,-0.42256,0.602107,0.602373
6.535,-0.3811,-0.19713,-0.42296,0.602489,0.602336
6.544,-0.38088,-0.1969,-0.423,0.602302,0.602314
6.554,-0.3814,-0.19663,-0.42292,0.602487,0.602324
6.563,-0.38188,-0.19694,-0.42308,0.603004,0.602365
6.573,-0.38182,-0.19672,-0.42352,0.603203,0.602412
6.583,-0.38203,-0.1972,-0.42314,0.603227,0.602499
6.592,-0.38227,-0.19649,-0.42327,0.603238,0.602595
6.602,-0.38186,-0.19692,-0.42328,0.603126,0.60273
6.611,-0.38161,-0.1973,-0.42278,0.602741,0.602792
6.621,-0.38158,-0.19767,-0.4229,0.602927,0.602874
6.63,-0.38125,-0.19788,-0.42232,0.60238,0.602864
6.64,-0.38111,-0.1979,-0.4226,0.602495,0.602883
6.65,-0.38153,-0.1979,-0.42254,0.602719,0.602906
6.659,-0.3819,-0.19782,-0.4227,0.603039,0.602909
6.669,-0.38107,-0.19756,-0.4228,0.602498,0.602839
6.678,-0.38153,-0.19753,-0.42239,0.602492,0.602765
6.688,-0.38136,-0.19711,-0.42286,0.602576,0.602699
6.698,-0.38123,-0.19698,-0.42332,0.602775,0.602664
6.707,-0.381,-0.19672,-0.42362,0.602755,0.602666
6.717,-0.38098,-0.1967,-0.42349,0.602645,0.602637
6.726,-0.38109,-0.19636,-0.4233,0.60247,0.602646
6.736,-0.38088,-0.19607,-0.42329,0.602235,0.60262
6.746,-0.38011,-0.19638,-0.42328,0.601843,0.602533
6.755,-0.3796,-0.19666,-0.42311,0.601493,0.602378
6.765,-0.37944,-0.19669,-0.42318,0.601451,0.602273
6.774,-0.37985,-0.19678,-0.42327,0.601802,0.602204
6.784,-0.3799,-0.19687,-0.42328,0.60187,0.602134
6.794,-0.38033,-0.19721,-0.42269,0.601838,0.60204
6.803,-0.38048,-0.19725,-0.42255,0.601848,0.601949
6.813,-0.38028,-0.1975,-0.42296,0.602092,0.601894
6.822,-0.38048,-0.19769,-0.42308,0.602365,0.601884
6.832,-0.38082,-0.19738,-0.42293,0.602372,0.601897
6.841,-0.38021,-0.19726,-0.42325,0.602172,0.60193
6.851,-0.38015,-0.19675,-0.42277,0.60163,0.601944
6.861,-0.38036,-0.19678,-0.42256,0.601625,0.601962
6.87,-0.38081,-0.19628,-0.42254,0.601733,0.601955
6.88,-0.38053,-0.1959,-0.42279,0.601607,0.601928
6.889,-0.38039,-0.19569,-0.42281,0.601464,0.601891
6.899,-0.38027,-0.19592,-0.42366,0.602061,0.601912
6.909,-0.38069,-0.19578,-0.42332,0.602042,0.601907
6.918,-0.38052,-0.19593,-0.4232,0.601899,0.601861
6.928,-0.38072,-0.19628,-0.42378,0.602547,0.601878
6.937,-0.38128,-0.1969,-0.42359,0.60297,0.601958
6.947,-0.3809,-0.19696,-0.42365,0.602791,0.602074
6.956,-0.38065,-0.19714,-0.42307,0.602285,0.60214
6.966,-0.38084,-0.19741,-0.42335,0.60269,0.602236
6.976,-0.38096,-0.19701,-0.42312,0.602473,0.602322
6.985,-0.38055,-0.19714,-0.42344,0.602481,0.602424
6.995,-0.38018,-0.1964,-0.42338,0.601964,0.602414
7.004,-0.37982,-0.19691,-0.42321,0.601784,0.602388
7.014,-0.37957,-0.19646,-0.42302,0.601345,0.602333
7.024,-0.38008,-0.19625,-0.42317,0.601704,0.602249
7.033,-0.38057,-0.19623,-0.42352,0.602253,0.602177
7.043,-0.3804,-0.19581,-0.42339,0.601918,0.60209
7.052,-0.38038,-0.19552,-0.42329,0.60174,0.602035
7.062,-0.38038,-0.19582,-0.42354,0.602014,0.601968
7.072,-0.38049,-0.19585,-0.42339,0.601988,0.601919
7.081,-0.38093,-0.19602,-0.42329,0.602251,0.601896
7.091,-0.38097,-0.19646,-0.42328,0.602412,0.601941
7.1,-0.38141,-0.19667,-0.42379,0.603117,0.602074
7.11,-0.38124,-0.19728,-0.4235,0.603005,0.60224
7.119,-0.38111,-0.19708,-0.42364,0.602956,0.602365
7.129,-0.38067,-0.19715,-0.42366,0.602715,0.602412
7.139,-0.38159,-0.19716,-0.42307,0.602886,0.602508
7.148,-0.38072,-0.19732,-0.42318,0.602465,0.602581
7.158,-0.38084,-0.19701,-0.42352,0.602678,0.602647
7.167,-0.38086,-0.19681,-0.42356,0.602654,0.602714
7.177,-0.38118,-0.19654,-0.42339,0.602649,0.602754
7.187,-0.38035,-0.19634,-0.42363,0.602227,0.602735
7.196,-0.38081,-0.19607,-0.42315,0.602093,0.602633
7.206,-0.38042,-0.19621,-0.42285,0.601681,0.6025
7.215,-0.38125,-0.19623,-0.4229,0.602248,0.60243
7.225,-0.38036,-0.19581,-0.42333,0.60185,0.602343
7.234,-0.38102,-0.19568,-0.42295,0.601958,0.60225
7.244,-0.38077,-0.19584,-0.42291,0.601824,0.602186
7.254,-0.3802,-0.19619,-0.42266,0.601402,0.602058
7.263,-0.38036,-0.19664,-0.42297,0.601868,0.60198
7.273,-0.37995,-0.1961,-0.42266,0.601214,0.601836
7.282,-0.38001,-0.19663,-0.42263,0.601404,0.601754
7.292,-0.38034,-0.19727,-0.42271,0.601878,0.601733
7.302,-0.37951,-0.19725,-0.42281,0.601418,0.601706
7.311,-0.37943,-0.19717,-0.42273,0.601285,0.60161
7.321,-0.37975,-0.19716,-0.42255,0.601357,0.601561
7.33,-0.37956,-0.19699,-0.42237,0.601055,0.601471
7.34,-0.37987,-0.19714,-0.42285,0.601637,0.601452
7.349,-0.37947,-0.19707,-0.42307,0.601517,0.601463
7.359,-0.37932,-0.19648,-0.42309,0.601243,0.601401
7.369,-0.37941,-0.19642,-0.42326,0.6014,0.60142
7.378,-0.37888,-0.19641,-0.42311,0.600957,0.601375
7.388,-0.3784,-0.19625,-0.42327,0.600715,0.601258
7.397,-0.3791,-0.19606,-0.42286,0.600805,0.601197
7.407,-0.37831,-0.19588,-0.42274,0.600164,0.601085
7.417,-0.37856,-0.19636,-0.42306,0.600703,0.60102
7.426,-0.37837,-0.19624,-0.42326,0.600685,0.600983
7.436,-0.37867,-0.19656,-0.42278,0.600641,0.600883
7.445,-0.37827,-0.19643,-0.42239,0.600072,0.600739
7.455,-0.37844,-0.19675,-0.42277,0.600551,0.600669
7.464,-0.37825,-0.19687,-0.42273,0.600443,0.600574
7.474,-0.37855,-0.19704,-0.42255,0.600561,0.600534
7.484,-0.37815,-0.19681,-0.42271,0.600346,0.600497
7.493,-0.37843,-0.19654,-0.42255,0.600321,0.600449
7.503,-0.37792,-0.19668,-0.42304,0.600391,0.600472
7.512,-0.37798,-0.19677,-0.42309,0.600494,0.600451
7.522,-0.3782,-0.19637,-0.42301,0.600445,0.600426
7.532,-0.37865,-0.19641,-0.42292,0.600678,0.60043
7.541,-0.37859,-0.19633,-0.42274,0.600487,0.600472
7.551,-0.37858,-0.19582,-0.42264,0.600244,0.600441
7.56,-0.37858,-0.19619,-0.42271,0.600414,0.600438
7.57,-0.37891,-0.19656,-0.42264,0.600694,0.600451
7.58,-0.37851,-0.19618,-0.4228,0.60043,0.60046
7.589,-0.37804,-0.19672,-0.42298,0.600437,0.600471
7.599,-0.37842,-0.19661,-0.42283,0.600535,0.600486
7.608,-0.37835,-0.1966,-0.4229,0.600537,0.60049
7.618,-0.37856,-0.1971,-0.42308,0.60096,0.600542
7.628,-0.37858,-0.1969,-0.42309,0.600914,0.600565
7.637,-0.37912,-0.19696,-0.42293,0.601161,0.600633
7.647,-0.37821,-0.1968,-0.423,0.600585,0.600667
7.656,-0.37887,-0.19645,-0.42325,0.601062,0.600732
7.666,-0.37915,-0.19617,-0.42303,0.600992,0.600761
7.675,-0.37886,-0.19597,-0.42292,0.600667,0.600785
7.685,-0.37861,-0.19562,-0.42308,0.600508,0.600792
7.695,-0.37869,-0.19541,-0.42326,0.600617,0.6008
7.704,-0.37849,-0.19548,-0.42362,0.600767,0.600823
7.714,-0.37847,-0.19582,-0.4234,0.60071,0.600798
7.723,-0.37857,-0.19569,-0.42313,0.60054,0.600761
7.733,-0.37891,-0.19576,-0.42344,0.600996,0.600744
7.743,-0.37905,-0.19618,-0.42338,0.601179,0.600804
7.752,-0.3782,-0.19614,-0.42397,0.601046,0.600802
7.762,-0.37801,-0.19614,-0.42369,0.600729,0.600776
7.771,-0.37842,-0.1968,-0.42341,0.601006,0.60081
7.781,-0.37857,-0.19679,-0.42372,0.601315,0.600891
7.791,-0.37912,-0.19637,-0.42349,0.601363,0.600965
7.8,-0.37896,-0.19674,-0.42347,0.601369,0.601025
7.81,-0.37851,-0.19661,-0.42297,0.60069,0.601023
7.819,-0.37847,-0.19602,-0.42291,0.60043,0.601012
7.829,-0.37933,-0.19579,-0.42299,0.600954,0.601008
7.839,-0.37877,-0.19568,-0.42325,0.600748,0.600965
7.848,-0.37882,-0.19559,-0.42362,0.601011,0.600961
7.858,-0.37936,-0.19591,-0.42348,0.601357,0.601024
7.867,-0.37931,-0.19628,-0.42347,0.601439,0.601068
7.877,-0.37941,-0.19548,-0.42364,0.601361,0.601072
7.887,-0.37845,-0.19599,-0.42332,0.600697,0.601005
7.896,-0.37846,-0.19612,-0.42337,0.60078,0.600947
7.906,-0.37825,-0.19638,-0.42329,0.600677,0.600945
7.915,-0.37866,-0.19616,-0.42328,0.600856,0.600988
7.925,-0.37794,-0.19647,-0.42354,0.600687,0.600961
7.934,-0.3782,-0.19642,-0.42314,0.600553,0.600942
7.944,-0.37811,-0.19658,-0.42327,0.60064,0.600905
7.954,-0.37875,-0.19601,-0.42345,0.600984,0.600867
7.963,-0.37806,-0.19604,-0.42338,0.60051,0.600774
7.973,-0.37832,-0.19571,-0.42346,0.600622,0.600701
7.982,-0.37823,-0.19593,-0.4233,0.600524,0.600683
7.992,-0.37822,-0.19586,-0.42345,0.600601,0.600665
8.002,-0.37812,-0.19561,-0.4233,0.600351,0.600633
8.011,-0.378,-0.19583,-0.42337,0.600396,0.600587
8.021,-0.37777,-0.19569,-0.42329,0.600149,0.600533
8.03,-0.37807,-0.19551,-0.4232,0.600216,0.600499
8.04,-0.37821,-0.19532,-0.42361,0.600532,0.600488
8.05,-0.37865,-0.19555,-0.42323,0.600616,0.600452
8.059,-0.37891,-0.19583,-0.42311,0.600786,0.600479
8.069,-0.37872,-0.19602,-0.42318,0.600778,0.600495
8.078,-0.37881,-0.19587,-0.4231,0.600729,0.600515
8.088,-0.37807,-0.19603,-0.42293,0.600195,0.600475
8.097,-0.37821,-0.19629,-0.42342,0.600714,0.600511
8.107,-0.37801,-0.19615,-0.42346,0.60057,0.600529
8.117,-0.37863,-0.19639,-0.42313,0.600807,0.600594
8.126,-0.37848,-0.19616,-0.4236,0.600968,0.60067
8.136,-0.37782,-0.19597,-0.42298,0.600054,0.600622
8.145,-0.37808,-0.19578,-0.42258,0.599873,0.600547
8.155,-0.37767,-0.19568,-0.42262,0.599611,0.60043
8.165,-0.37817,-0.19584,-0.42339,0.600521,0.600404
8.174,-0.37833,-0.19569,-0.4227,0.600086,0.60034
8.184,-0.37823,-0.19609,-0.42213,0.599752,0.600296
8.193,-0.37833,-0.19529,-0.42258,0.599871,0.600211
8.203,-0.37759,-0.19572,-0.42279,0.599693,0.600124
8.212,-0.37794,-0.19584,-0.4229,0.60003,0.600046
8.222,-0.3783,-0.19569,-0.42299,0.600272,0.599976
8.232,-0.37845,-0.19601,-0.42309,0.600541,0.600025
8.241,-0.37868,-0.19621,-0.42326,0.600871,0.600125
8.251,-0.37924,-0.19623,-0.42278,0.600893,0.600253
8.26,-0.37919,-0.19681,-0.42281,0.601072,0.600308
8.27,-0.37886,-0.19629,-0.42256,0.600518,0.600351
8.28,-0.3785,-0.1964,-0.42262,0.600369,0.600413
8.289,-0.37847,-0.19625,-0.4228,0.600428,0.600469
8.299,-0.37825,-0.19631,-0.42298,0.600435,0.600543
8.308,-0.37833,-0.19649,-0.42266,0.600319,0.600572
8.318,-0.3778,-0.19592,-0.42255,0.599722,0.600517
8.328,-0.37764,-0.19561,-0.42287,0.599745,0.600437
8.337,-0.37817,-0.1955,-0.42316,0.600248,0.600375
8.347,-0.37822,-0.19557,-0.42293,0.60014,0.6003
8.356,-0.37844,-0.19549,-0.42308,0.600358,0.600228
8.366,-0.37835,-0.19582,-0.42293,0.600303,0.600207
8.375,-0.37824,-0.19552,-0.42274,0.600002,0.60017
8.385,-0.37801,-0.19549,-0.42306,0.600073,0.600135
8.395,-0.37853,-0.19599,-0.42326,0.600705,0.600161
8.404,-0.37869,-0.19637,-0.42328,0.600944,0.600224
8.414,-0.37849,-0.19624,-0.42311,0.600655,0.600317
8.423,-0.37879,-0.19665,-0.42293,0.600852,0.600428
8.433,-0.37882,-0.19669,-0.42308,0.600989,0.600502
8.443,-0.37871,-0.19669,-0.42284,0.600751,0.600563
8.452,-0.37806,-0.19694,-0.42257,0.600233,0.600551
8.462,-0.37788,-0.1968,-0.42271,0.600173,0.600538
8.471,-0.37787,-0.19629,-0.42297,0.600183,0.600556
8.481,-0.37808,-0.19674,-0.42275,0.600307,0.600579
8.491,-0.37778,-0.19628,-0.42306,0.600186,0.600527
8.5,-0.37786,-0.19582,-0.42259,0.599755,0.600408
8.51,-0.37819,-0.1951,-0.42271,0.599813,0.600324
8.519,-0.378,-0.19478,-0.42306,0.599836,0.600223
8.529,-0.37809,-0.19508,-0.42259,0.599659,0.60009
8.538,-0.378,-0.19511,-0.42254,0.599576,0.599972
8.548,-0.37809,-0.19561,-0.42287,0.600029,0.599952
8.558,-0.37832,-0.19541,-0.42307,0.600249,0.599959
8.567,-0.37866,-0.19556,-0.42293,0.600414,0.599982
8.577,-0.37859,-0.19566,-0.42333,0.600684,0.60002
8.586,-0.37815,-0.19592,-0.42295,0.600224,0.600024
8.596,-0.37779,-0.19611,-0.42274,0.599911,0.60004
8.606,-0.37796,-0.19655,-0.42306,0.600388,0.600097
8.615,-0.37831,-0.19584,-0.42292,0.600278,0.600141
8.625,-0.37791,-0.19619,-0.42274,0.600013,0.600177
8.634,-0.37852,-0.19589,-0.42256,0.600173,0.600236
8.644,-0.37847,-0.19594,-0.42287,0.600376,0.600271
8.654,-0.37825,-0.19536,-0.42299,0.600133,0.600259
8.663,-0.37866,-0.19531,-0.42317,0.600502,0.600268
8.673,-0.37935,-0.19522,-0.42294,0.600746,0.600274
8.682,-0.37898,-0.19496,-0.42308,0.600526,0.600304
8.692,-0.37905,-0.19543,-0.42259,0.600378,0.600351
8.702,-0.37874,-0.19498,-0.42288,0.600241,0.600336
8.711,-0.37881,-0.19468,-0.42248,0.599906,0.600299
8.721,-0.37839,-0.19465,-0.42312,0.600082,0.600306
8.73,-0.37824,-0.19498,-0.42327,0.6002,0.600309
8.74,-0.37844,-0.1951,-0.42311,0.600252,0.600297
8.749,-0.37878,-0.19561,-0.4231,0.600626,0.600346
8.759,-0.37839,-0.19608,-0.42293,0.600413,0.600337
8.769,-0.37802,-0.19663,-0.42257,0.600107,0.600273
8.778,-0.37842,-0.19652,-0.42271,0.600421,0.600263
8.788,-0.37792,-0.19659,-0.42238,0.599897,0.600214
8.797,-0.37755,-0.1966,-0.42252,0.599766,0.600167
8.807,-0.37805,-0.19627,-0.42262,0.600043,0.600181
8.817,-0.37853,-0.19632,-0.42229,0.600129,0.600185
8.826,-0.37815,-0.1959,-0.42243,0.599851,0.60015
8.836,-0.37822,-0.19561,-0.42286,0.600104,0.600136
8.845,-0.37768,-0.19566,-0.42274,0.599695,0.600043
8.855,-0.37817,-0.19492,-0.42289,0.599869,0.599988
8.865,-0.37746,-0.19476,-0.42274,0.599263,0.599904
8.874,-0.37815,-0.19483,-0.42289,0.599827,0.599844
8.884,-0.37811,-0.19509,-0.42274,0.59978,0.599833
8.893,-0.37821,-0.19536,-0.42247,0.599741,0.59983
8.903,-0.37865,-0.19539,-0.42244,0.600007,0.599827
8.913,-0.37784,-0.19614,-0.42236,0.599685,0.599782
8.922,-0.37786,-0.1963,-0.4226,0.599919,0.599789
8.932,-0.3783,-0.19665,-0.42263,0.600332,0.599812
8.941,-0.37823,-0.19652,-0.42254,0.600182,0.59986
8.951,-0.37812,-0.19609,-0.4222,0.599732,0.599847
8.96,-0.37778,-0.19638,-0.42267,0.599944,0.599915
8.97,-0.37861,-0.19608,-0.42289,0.600524,0.599985
8.98,-0.37848,-0.19613,-0.42265,0.600289,0.600035
8.989,-0.37846,-0.19572,-0.42288,0.600305,0.600092
8.999,-0.37889,-0.19559,-0.42307,0.600667,0.600158
9.008,-0.37883,-0.19541,-0.42301,0.600529,0.600242
9.018,-0.37904,-0.19531,-0.42326,0.600805,0.600331
9.028,-0.37884,-0.19522,-0.42278,0.600311,0.600329
9.037,-0.37893,-0.19529,-0.42298,0.600532,0.600364
9.047,-0.3784,-0.19513,-0.42334,0.600399,0.60043
9.056,-0.3791,-0.1952,-0.42329,0.600828,0.600519
9.066,-0.37885,-0.19546,-0.42286,0.600452,0.600512
9.076,-0.37872,-0.19582,-0.42274,0.600403,0.600523
9.085,-0.3787,-0.19602,-0.42289,0.600561,0.600549
9.095,-0.37827,-0.19637,-0.42299,0.600475,0.600529
9.104,-0.37769,-0.19674,-0.42258,0.599942,0.600471
9.114,-0.37763,-0.19645,-0.42254,0.599781,0.600368
9.123,-0.37773,-0.19658,-0.42245,0.599823,0.600319
9.133,-0.37753,-0.19635,-0.42269,0.599791,0.600245
9.143,-0.37751,-0.19632,-0.42297,0.599966,0.600202
9.152,-0.37761,-0.19632,-0.42258,0.599754,0.600095
9.162,-0.37741,-0.19599,-0.42246,0.599435,0.599993
9.171,-0.37814,-0.19562,-0.42261,0.59988,0.599941
9.181,-0.37822,-0.19533,-0.4228,0.59997,0.599882
9.191,-0.37822,-0.19514,-0.42298,0.600035,0.599838
9.2,-0.37866,-0.19537,-0.42325,0.600578,0.599901
9.21,-0.37794,-0.19514,-0.42261,0.599598,0.599883
9.219,-0.3783,-0.19595,-0.42237,0.59992,0.599893
9.229,-0.37802,-0.19578,-0.42286,0.600033,0.599917
9.239,-0.3782,-0.19551,-0.4224,0.599734,0.599894
9.248,-0.37768,-0.19624,-0.42269,0.599849,0.599903
9.258,-0.37752,-0.19631,-0.42238,0.599553,0.599915
9.267,-0.3774,-0.19699,-0.4226,0.599855,0.599913
9.277,-0.37793,-0.19697,-0.42246,0.600084,0.599924
9.286,-0.37798,-0.19705,-0.4227,0.600311,0.599951
9.296,-0.37809,-0.19631,-0.42255,0.600032,0.599897
9.306,-0.37778,-0.19632,-0.4227,0.599945,0.599932
9.315,-0.37829,-0.1964,-0.4228,0.600363,0.599976
9.325,-0.37834,-0.19591,-0.42273,0.600185,0.599991
9.334,-0.3777,-0.19553,-0.42298,0.599834,0.600001
9.344,-0.37817,-0.19524,-0.42325,0.600226,0.600039
9.354,-0.37843,-0.19479,-0.42277,0.599906,0.600074
9.363,-0.37868,-0.19517,-0.42273,0.600159,0.600105
9.373,-0.37784,-0.19512,-0.42289,0.599726,0.600069
9.382,-0.37829,-0.19511,-0.42291,0.60002,0.60004
9.392,-0.37834,-0.19528,-0.42325,0.600347,0.600071
9.402,-0.37791,-0.19588,-0.42286,0.599996,0.600076
9.411,-0.37787,-0.19594,-0.42257,0.599786,0.600019
9.421,-0.37787,-0.19603,-0.42254,0.599795,0.599979
9.43,-0.37733,-0.19571,-0.42254,0.59935,0.599931
9.44,-0.37749,-0.19601,-0.42253,0.599542,0.599863
9.449,-0.37815,-0.1957,-0.42287,0.600096,0.599882
9.459,-0.37746,-0.19501,-0.42299,0.599521,0.599818
9.469,-0.37772,-0.19502,-0.42275,0.599519,0.599797
9.478,-0.37796,-0.1951,-0.42289,0.599795,0.599775
9.488,-0.37809,-0.19486,-0.42308,0.599933,0.599733
9.497,-0.37832,-0.19517,-0.42293,0.600073,0.599741
9.507,-0.37791,-0.1947,-0.42274,0.599527,0.599715
9.517,-0.3783,-0.19474,-0.42323,0.600132,0.599749
9.526,-0.37802,-0.19441,-0.42269,0.599467,0.59976
9.536,-0.37788,-0.19446,-0.42331,0.599833,0.59979
9.545,-0.37787,-0.19471,-0.4232,0.59983,0.599763
9.555,-0.37743,-0.19474,-0.42311,0.599499,0.599761
9.565,-0.37815,-0.19541,-0.42268,0.599867,0.599796
9.574,-0.37778,-0.19548,-0.4228,0.599742,0.59979
9.584,-0.3784,-0.19565,-0.42265,0.600082,0.599805
9.593,-0.37846,-0.196,-0.42305,0.600516,0.59985
9.603,-0.37814,-0.19629,-0.42326,0.600557,0.599952
9.612,-0.37822,-0.19615,-0.42303,0.6004,0.599979
9.622,-0.37812,-0.19564,-0.42275,0.599973,0.60003
9.632,-0.37832,-0.19567,-0.42323,0.600447,0.600091
9.641,-0.37845,-0.1955,-0.42294,0.600269,0.600135
9.651,-0.37814,-0.19582,-0.42266,0.599981,0.600183
9.66,-0.37811,-0.19535,-0.42263,0.599787,0.600175
9.67,-0.37821,-0.19514,-0.42322,0.600198,0.600221
9.68,-0.3779,-0.19436,-0.42302,0.599608,0.600174
9.689,-0.37841,-0.1947,-0.42343,0.600329,0.600155
9.699,-0.37824,-0.19482,-0.42296,0.59993,0.600092
9.708,-0.37801,-0.19458,-0.423,0.599735,0.600026
9.718,-0.37809,-0.19514,-0.42309,0.600031,0.600031
9.728,-0.37864,-0.19545,-0.4231,0.600485,0.600035
9.737,-0.3787,-0.19523,-0.4231,0.600452,0.600054
9.747,-0.3787,-0.19588,-0.42293,0.600543,0.60011
9.756,-0.37806,-0.19578,-0.42291,0.600093,0.60014
9.766,-0.37767,-0.19618,-0.42274,0.599859,0.600106
9.776,-0.37828,-0.19589,-0.42247,0.599958,0.600141
9.785,-0.37737,-0.19578,-0.42278,0.599567,0.600065
9.795,-0.37792,-0.1956,-0.42248,0.599643,0.600037
9.804,-0.37765,-0.19533,-0.42236,0.599301,0.599993
9.814,-0.37871,-0.19514,-0.42302,0.600372,0.600027
9.823,-0.3787,-0.19528,-0.423,0.600397,0.600019
9.833,-0.37849,-0.19496,-0.42283,0.600041,0.599978
9.843,-0.37836,-0.19527,-0.42324,0.600349,0.599958
9.852,-0.37867,-0.19488,-0.42345,0.600566,0.600005
9.862,-0.37805,-0.19467,-0.4233,0.600001,0.60002
9.871,-0.37778,-0.19507,-0.4232,0.59989,0.600013
9.881,-0.37775,-0.19553,-0.42327,0.60007,0.600063
9.891,-0.37796,-0.19499,-0.42337,0.600098,0.600108
9.9,-0.3782,-0.1956,-0.42312,0.600271,0.600206
9.91,-0.37908,-0.19667,-0.42335,0.601337,0.600302
9.919,-0.37917,-0.19644,-0.42295,0.601037,0.600366
9.929,-0.37897,-0.19608,-0.42317,0.600948,0.600457
9.939,-0.37841,-0.19621,-0.42302,0.600532,0.600475
