Chiptime,Acceleration X (g),Acceleration Y (g),Acceleration Z (g),Temperature (Â°C),Longitude,Latitude
2024-12-14 1:55:19.640,0.0015,-0.002,1.0078,25.0,0.0,0.0
2024-12-14 1:55:19.649,-0.001,-0.002,1.0049,25.06,0.0,0.0
2024-12-14 1:55:19.659,-0.0034,0.0005,1.0068,25.12,0.0,0.0
2024-12-14 1:55:19.669,-0.0005,0.0005,1.0083,25.06,0.0,0.0
2024-12-14 1:55:19.679,-0.0005,-0.001,1.0078,25.31,0.0,0.0
2024-12-14 1:55:19.705,0.0,0.0,1.0078,25.18,0.0,0.0
2024-12-14 1:55:19.715,0.0,-0.001,1.0054,25.12,0.0,0.0
2024-12-14 1:55:19.725,0.0034,0.0005,1.0073,25.0,0.0,0.0
2024-12-14 1:55:19.735,0.001,-0.0005,1.0063,25.12,0.0,0.0
2024-12-14 1:55:19.745,0.001,-0.0015,1.0044,25.06,0.0,0.0
2024-12-14 1:55:19.755,0.001,-0.0005,1.0029,25.0,0.0,0.0
2024-12-14 1:55:19.765,0.001,0.0,1.0073,25.06,0.0,0.0
2024-12-14 1:55:19.750,0.0,-0.001,1.0068,25.06,0.0,0.0
2024-12-14 1:55:19.760,0.001,0.0015,1.0083,25.12,0.0,0.0
2024-12-14 1:55:19.770,0.0,0.0,1.0039,25.06,0.0,0.0
2024-12-14 1:55:19.780,0.001,0.0024,1.0073,25.06,0.0,0.0
2024-12-14 1:55:19.804,0.0005,-0.001,1.0039,25.06,0.0,0.0
2024-12-14 1:55:19.814,-0.001,-0.0005,1.0063,25.12,0.0,0.0
2024-12-14 1:55:19.824,-0.001,0.0,1.0098,25.31,0.0,0.0
2024-12-14 1:55:19.850,-0.0024,0.001,1.0093,25.06,0.0,0.0
2024-12-14 1:55:19.860,-0.0039,0.0005,1.0059,25.18,0.0,0.0
2024-12-14 1:55:19.870,-0.0005,-0.0015,1.0054,25.12,0.0,0.0
2024-12-14 1:55:19.880,-0.001,-0.0005,1.0088,25.25,0.0,0.0
2024-12-14 1:55:19.890,-0.001,-0.002,1.0029,25.12,0.0,0.0
2024-12-14 1:55:19.900,0.001,-0.0005,1.0039,25.12,0.0,0.0
2024-12-14 1:55:19.910,0.0,0.0015,1.0078,25.25,0.0,0.0
2024-12-14 1:55:19.920,0.0015,0.001,1.0049,25.06,0.0,0.0
2024-12-14 1:55:19.904,0.0044,-0.0005,1.0034,25.18,0.0,0.0
2024-12-14 1:55:19.914,0.0005,-0.002,1.001,25.18,0.0,0.0
2024-12-14 1:55:19.924,0.0015,0.002,1.0078,25.18,0.0,0.0
2024-12-14 1:55:19.950,0.0,0.0,1.0044,25.18,0.0,0.0
2024-12-14 1:55:19.960,0.0,0.0015,1.0073,25.06,0.0,0.0
2024-12-14 1:55:19.970,0.0,-0.0015,1.0039,25.12,0.0,0.0
2024-12-14 1:55:19.980,0.0,-0.0005,1.0068,25.25,0.0,0.0
2024-12-14 1:55:20.0,0.0,-0.0005,1.0063,25.06,0.0,0.0
2024-12-14 1:55:20.10,-0.0005,-0.002,1.0078,25.06,0.0,0.0
2024-12-14 1:55:20.20,0.0,-0.0015,1.0073,25.18,0.0,0.0
2024-12-14 1:55:20.30,0.0005,0.002,1.0054,25.18,0.0,0.0
2024-12-14 1:55:20.40,-0.0005,-0.001,1.0059,25.12,0.0,0.0
2024-12-14 1:55:20.50,-0.0034,0.0015,1.0098,25.18,0.0,0.0
2024-12-14 1:55:20.60,-0.002,-0.002,1.0054,25.06,0.0,0.0
2024-12-14 1:55:20.49,-0.001,0.0,1.0063,25.06,0.0,0.0
2024-12-14 1:55:20.59,0.0005,0.0,1.0059,25.06,0.0,0.0
2024-12-14 1:55:20.69,0.001,0.0024,1.0049,25.06,0.0,0.0
2024-12-14 1:55:20.79,0.0029,0.0005,1.0044,25.12,0.0,0.0
2024-12-14 1:55:20.89,0.001,-0.0015,1.0054,25.06,0.0,0.0
2024-12-14 1:55:20.99,0.0049,0.001,1.002,25.06,0.0,0.0
2024-12-14 1:55:20.109,0.0015,0.0005,1.0049,25.0,0.0,0.0
2024-12-14 1:55:20.119,-0.0005,0.0,1.0063,25.12,0.0,0.0
2024-12-14 1:55:20.129,-0.0005,-0.0005,1.0073,25.06,0.0,0.0
2024-12-14 1:55:20.139,0.0,-0.001,1.0059,25.06,0.0,0.0
2024-12-14 1:55:20.149,-0.0024,-0.0005,1.0093,25.06,0.0,0.0
2024-12-14 1:55:20.149,0.0,0.002,1.0063,25.37,0.0,0.0
2024-12-14 1:55:20.159,0.0,0.0005,1.0088,25.25,0.0,0.0
2024-12-14 1:55:20.169,-0.0015,0.0024,1.0098,25.06,0.0,0.0
2024-12-14 1:55:20.179,0.0,0.0024,1.0044,25.0,0.0,0.0
2024-12-14 1:55:20.200,-0.002,0.0,1.0044,25.25,0.0,0.0
2024-12-14 1:55:20.210,0.0,0.0015,1.0039,25.12,0.0,0.0
2024-12-14 1:55:20.220,-0.0005,0.0015,1.0063,25.31,0.0,0.0
2024-12-14 1:55:20.230,-0.0005,0.0015,1.0039,25.06,0.0,0.0
2024-12-14 1:55:20.255,0.0015,0.0005,1.0044,25.18,0.0,0.0
2024-12-14 1:55:20.265,-0.0015,0.0,1.0034,25.25,0.0,0.0
2024-12-14 1:55:20.275,0.0005,0.001,1.0034,25.18,0.0,0.0
2024-12-14 1:55:20.285,0.001,-0.001,1.0044,25.06,0.0,0.0
2024-12-14 1:55:20.295,0.0015,-0.0039,1.0049,25.18,0.0,0.0
2024-12-14 1:55:20.305,0.0024,-0.0024,1.0088,25.25,0.0,0.0
2024-12-14 1:55:20.315,0.0005,-0.0005,1.0078,25.06,0.0,0.0
2024-12-14 1:55:20.299,0.0,-0.0005,1.0054,25.25,0.0,0.0
2024-12-14 1:55:20.309,-0.0005,-0.001,1.0063,25.25,0.0,0.0
2024-12-14 1:55:20.319,-0.0015,-0.0005,1.0054,25.18,0.0,0.0
2024-12-14 1:55:20.329,0.0,0.0,1.0054,25.25,0.0,0.0
2024-12-14 1:55:20.355,-0.0005,0.0024,1.0054,25.18,0.0,0.0
2024-12-14 1:55:20.365,-0.0015,0.0015,1.0083,25.18,0.0,0.0
2024-12-14 1:55:20.375,0.0005,0.0,1.0083,25.06,0.0,0.0
2024-12-14 1:55:20.399,0.002,0.002,1.0088,25.18,0.0,0.0
2024-12-14 1:55:20.409,0.0,0.001,1.0049,25.06,0.0,0.0
2024-12-14 1:55:20.419,-0.0005,0.002,1.0054,25.12,0.0,0.0
2024-12-14 1:55:20.429,0.001,0.0015,1.0039,25.18,0.0,0.0
2024-12-14 1:55:20.439,-0.0005,0.0015,1.0088,25.06,0.0,0.0
2024-12-14 1:55:20.449,-0.0005,0.001,1.0015,25.18,0.0,0.0
2024-12-14 1:55:20.459,0.0,-0.0005,1.0122,25.18,0.0,0.0
2024-12-14 1:55:20.469,0.001,0.0015,1.0029,25.12,0.0,0.0
2024-12-14 1:55:20.455,0.0024,-0.002,1.0088,24.87,0.0,0.0
2024-12-14 1:55:20.465,0.0,-0.001,1.0029,25.06,0.0,0.0
2024-12-14 1:55:20.475,0.0015,0.0005,1.0049,25.25,0.0,0.0
2024-12-14 1:55:20.500,0.0,-0.001,1.0054,25.06,0.0,0.0
2024-12-14 1:55:20.510,-0.0029,0.002,1.0078,25.06,0.0,0.0
2024-12-14 1:55:20.520,-0.002,0.0005,1.0049,25.37,0.0,0.0
2024-12-14 1:55:20.530,-0.0039,0.0024,1.0078,25.06,0.0,0.0
2024-12-14 1:55:20.549,-0.0029,0.0015,1.0063,25.06,0.0,0.0
2024-12-14 1:55:20.559,-0.0015,0.0,1.002,25.06,0.0,0.0
2024-12-14 1:55:20.569,-0.0024,0.0024,1.0078,25.12,0.0,0.0
2024-12-14 1:55:20.579,0.0,0.0,1.0054,25.12,0.0,0.0
2024-12-14 1:55:20.589,0.0029,0.0005,1.0093,25.18,0.0,0.0
2024-12-14 1:55:20.599,0.0,0.0,1.0054,25.18,0.0,0.0
2024-12-14 1:55:20.609,0.0,0.001,1.0054,25.06,0.0,0.0
2024-12-14 1:55:20.600,0.0005,-0.001,1.0054,25.18,0.0,0.0
2024-12-14 1:55:20.610,0.0,-0.0005,1.0015,25.06,0.0,0.0
2024-12-14 1:55:20.620,0.0015,-0.0015,1.0044,25.06,0.0,0.0
2024-12-14 1:55:20.630,-0.0005,0.0,1.0063,25.12,0.0,0.0
2024-12-14 1:55:20.649,0.001,-0.0015,1.0068,25.25,0.0,0.0
2024-12-14 1:55:20.659,0.0015,-0.002,1.0068,25.06,0.0,0.0
2024-12-14 1:55:20.669,-0.0005,-0.001,1.0078,25.06,0.0,0.0
2024-12-14 1:55:20.679,0.0005,0.0005,1.0093,25.12,0.0,0.0
2024-12-14 1:55:20.689,0.0,0.002,1.0073,25.31,0.0,0.0
2024-12-14 1:55:20.699,-0.0015,0.0,1.0049,25.06,0.0,0.0
2024-12-14 1:55:20.709,-0.0015,0.0015,1.0083,25.06,0.0,0.0
2024-12-14 1:55:20.700,-0.0005,0.0039,1.0068,25.25,0.0,0.0
2024-12-14 1:55:20.710,-0.0005,0.0015,1.0049,25.06,0.0,0.0
2024-12-14 1:55:20.720,-0.001,0.0,1.0059,25.06,0.0,0.0
2024-12-14 1:55:20.730,0.0024,0.0,1.0049,25.06,0.0,0.0
2024-12-14 1:55:20.750,0.0,0.0,1.0088,25.18,0.0,0.0
2024-12-14 1:55:20.760,0.001,0.0,1.0054,25.06,0.0,0.0
2024-12-14 1:55:20.770,0.0,0.0,1.0073,25.12,0.0,0.0
2024-12-14 1:55:20.780,0.0005,-0.001,1.0024,25.12,0.0,0.0
2024-12-14 1:55:20.804,-0.0015,0.0,1.0044,25.25,0.0,0.0
2024-12-14 1:55:20.814,0.001,-0.0029,1.0063,24.87,0.0,0.0
2024-12-14 1:55:20.824,0.0015,-0.002,1.0029,25.06,0.0,0.0
2024-12-14 1:55:20.834,0.0,-0.0005,1.0068,25.12,0.0,0.0
2024-12-14 1:55:20.844,0.002,0.002,1.0093,25.06,0.0,0.0
2024-12-14 1:55:20.854,-0.0005,0.001,1.0059,25.06,0.0,0.0
2024-12-14 1:55:20.864,-0.0005,0.0029,1.0088,25.06,0.0,0.0
2024-12-14 1:55:20.850,-0.0015,-0.0005,1.0054,25.18,0.0,0.0
2024-12-14 1:55:20.860,-0.0029,0.0039,1.0078,25.18,0.0,0.0
2024-12-14 1:55:20.870,-0.002,0.0039,1.0068,25.37,0.0,0.0
2024-12-14 1:55:20.880,-0.0054,0.0,1.0073,24.87,0.0,0.0
2024-12-14 1:55:20.904,-0.0015,-0.001,1.0044,25.12,0.0,0.0
2024-12-14 1:55:20.914,0.0,0.0005,1.0078,25.06,0.0,0.0
2024-12-14 1:55:20.924,0.001,-0.0015,1.0044,25.0,0.0,0.0
2024-12-14 1:55:20.934,0.002,-0.0034,1.0059,25.06,0.0,0.0
2024-12-14 1:55:20.955,0.0,-0.0024,1.0059,25.0,0.0,0.0
2024-12-14 1:55:20.965,0.002,-0.0005,1.0044,25.0,0.0,0.0
2024-12-14 1:55:20.975,0.0,0.0,1.0054,25.25,0.0,0.0
2024-12-14 1:55:20.985,0.0,0.001,1.0073,25.06,0.0,0.0
2024-12-14 1:55:20.995,0.002,0.0015,1.0034,25.12,0.0,0.0
2024-12-14 1:55:21.5,0.0005,0.001,1.0078,25.31,0.0,0.0
2024-12-14 1:55:21.15,-0.0024,0.0,1.0044,25.18,0.0,0.0
2024-12-14 1:55:21.5,0.002,-0.001,1.0068,25.12,0.0,0.0
2024-12-14 1:55:21.15,-0.0015,0.0015,1.0024,25.12,0.0,0.0
2024-12-14 1:55:21.25,-0.001,0.0005,1.0103,25.18,0.0,0.0
2024-12-14 1:55:21.35,-0.001,0.0,1.0063,25.12,0.0,0.0
2024-12-14 1:55:21.54,-0.0015,0.001,1.0088,25.25,0.0,0.0
2024-12-14 1:55:21.64,-0.0005,0.0024,1.0068,25.18,0.0,0.0
2024-12-14 1:55:21.74,0.0,0.0,1.0073,25.06,0.0,0.0
2024-12-14 1:55:21.84,-0.001,0.0005,1.0029,25.06,0.0,0.0
2024-12-14 1:55:21.94,0.0,0.0005,1.0068,25.12,0.0,0.0
2024-12-14 1:55:21.104,0.0005,0.0,1.0059,25.12,0.0,0.0
2024-12-14 1:55:21.114,0.001,-0.0015,1.0059,25.25,0.0,0.0
2024-12-14 1:55:21.124,0.001,-0.0015,1.0024,25.25,0.0,0.0
2024-12-14 1:55:21.134,0.0024,0.001,1.0034,25.06,0.0,0.0
2024-12-14 1:55:21.144,0.001,-0.0015,1.0068,25.25,0.0,0.0
2024-12-14 1:55:21.154,0.0,0.0005,1.0034,25.18,0.0,0.0
2024-12-14 1:55:21.164,0.002,0.0029,1.0054,25.06,0.0,0.0
2024-12-14 1:55:21.174,-0.0015,0.001,1.0044,25.18,0.0,0.0
2024-12-14 1:55:21.184,0.001,0.002,1.0068,25.12,0.0,0.0
2024-12-14 1:55:21.194,-0.0029,0.0015,1.0044,25.25,0.0,0.0
2024-12-14 1:55:21.204,-0.0034,0.0,1.0059,25.12,0.0,0.0
2024-12-14 1:55:21.154,-0.002,0.0015,1.0093,25.06,0.0,0.0
2024-12-14 1:55:21.200,-0.0029,0.0,1.0098,25.25,0.0,0.0
2024-12-14 1:55:21.210,-0.0015,0.0,1.0063,25.06,0.0,0.0
2024-12-14 1:55:21.220,-0.002,-0.001,1.0127,25.18,0.0,0.0
2024-12-14 1:55:21.230,-0.001,0.0005,1.0039,25.18,0.0,0.0
2024-12-14 1:55:21.240,0.0005,-0.0005,1.0059,25.12,0.0,0.0
2024-12-14 1:55:21.255,0.001,-0.0005,1.0063,25.0,0.0,0.0
2024-12-14 1:55:21.265,0.0029,0.0005,1.0059,25.18,0.0,0.0
2024-12-14 1:55:21.275,0.0015,-0.0005,1.0063,25.06,0.0,0.0
2024-12-14 1:55:21.299,0.0024,-0.0005,1.0078,25.18,0.0,0.0
2024-12-14 1:55:21.309,0.002,0.002,1.0068,25.06,0.0,0.0
2024-12-14 1:55:21.319,0.0,0.002,1.0059,25.06,0.0,0.0
2024-12-14 1:55:21.329,0.0024,-0.001,1.0078,25.06,0.0,0.0
2024-12-14 1:55:21.355,0.0,0.0029,1.0054,24.87,0.0,0.0
2024-12-14 1:55:21.365,-0.0024,-0.0005,1.0049,25.06,0.0,0.0
2024-12-14 1:55:21.375,-0.0029,0.001,1.0117,25.06,0.0,0.0
2024-12-14 1:55:21.385,-0.0034,-0.001,1.0068,25.12,0.0,0.0
2024-12-14 1:55:21.395,-0.0049,0.0015,1.0083,25.0,0.0,0.0
2024-12-14 1:55:21.405,-0.0015,-0.002,1.0054,25.18,0.0,0.0
2024-12-14 1:55:21.415,-0.0015,0.0015,1.0088,25.18,0.0,0.0
2024-12-14 1:55:21.399,0.0,0.0,1.0088,25.25,0.0,0.0
2024-12-14 1:55:21.409,0.001,-0.0005,1.0078,25.06,0.0,0.0
2024-12-14 1:55:21.419,-0.002,0.0,1.0059,25.12,0.0,0.0
2024-12-14 1:55:21.429,0.0005,-0.001,1.0039,25.12,0.0,0.0
2024-12-14 1:55:21.455,0.0034,0.0005,1.0049,25.06,0.0,0.0
2024-12-14 1:55:21.465,0.0005,0.0,1.0029,25.12,0.0,0.0
2024-12-14 1:55:21.475,0.002,0.0005,1.0039,25.18,0.0,0.0
2024-12-14 1:55:21.485,0.0039,0.0,1.0054,25.0,0.0,0.0
2024-12-14 1:55:21.505,0.0015,0.001,1.0029,25.18,0.0,0.0
2024-12-14 1:55:21.515,0.002,0.0005,1.0039,25.18,0.0,0.0
2024-12-14 1:55:21.525,0.0005,0.001,1.0068,25.25,0.0,0.0
2024-12-14 1:55:21.535,-0.0005,-0.001,1.0093,25.25,0.0,0.0
2024-12-14 1:55:21.545,-0.0005,0.002,1.0078,25.06,0.0,0.0
2024-12-14 1:55:21.555,-0.0044,0.001,1.0073,25.37,0.0,0.0
2024-12-14 1:55:21.565,-0.0054,0.0034,1.0088,25.06,0.0,0.0
2024-12-14 1:55:21.554,-0.0029,0.0,1.0073,25.06,0.0,0.0
2024-12-14 1:55:21.564,-0.002,0.0015,1.0063,25.31,0.0,0.0
2024-12-14 1:55:21.574,-0.001,0.001,1.0083,25.12,0.0,0.0
2024-12-14 1:55:21.584,0.0,0.001,1.0078,25.12,0.0,0.0
2024-12-14 1:55:21.605,0.001,-0.001,1.0054,25.06,0.0,0.0
2024-12-14 1:55:21.615,0.002,0.0,1.0078,25.06,0.0,0.0
2024-12-14 1:55:21.625,0.0029,0.002,1.0049,25.0,0.0,0.0
2024-12-14 1:55:21.649,0.0005,-0.0029,1.0044,25.06,0.0,0.0
2024-12-14 1:55:21.659,0.001,0.0005,1.0034,25.18,0.0,0.0
2024-12-14 1:55:21.669,0.0005,-0.0005,1.0044,25.12,0.0,0.0
2024-12-14 1:55:21.679,0.0005,-0.0034,1.0039,25.18,0.0,0.0
2024-12-14 1:55:21.689,0.0005,-0.002,1.0039,25.12,0.0,0.0
2024-12-14 1:55:21.699,-0.0005,-0.0015,1.0054,25.12,0.0,0.0
2024-12-14 1:55:21.709,-0.0005,0.0,1.0049,25.06,0.0,0.0
2024-12-14 1:55:21.719,-0.0005,-0.0005,1.0044,25.06,0.0,0.0
2024-12-14 1:55:21.705,-0.001,0.0,1.0093,25.18,0.0,0.0
2024-12-14 1:55:21.715,-0.0015,0.002,1.0083,25.12,0.0,0.0
2024-12-14 1:55:21.725,-0.002,0.001,1.0078,25.18,0.0,0.0
2024-12-14 1:55:21.750,-0.002,0.0015,1.0054,25.18,0.0,0.0
2024-12-14 1:55:21.760,0.0,0.002,1.0093,25.12,0.0,0.0
2024-12-14 1:55:21.770,-0.0005,0.001,1.0068,25.06,0.0,0.0
2024-12-14 1:55:21.780,-0.0015,0.0049,1.0078,25.06,0.0,0.0
2024-12-14 1:55:21.790,0.0015,0.002,1.0063,25.25,0.0,0.0
2024-12-14 1:55:21.800,0.0015,0.0,1.0059,25.25,0.0,0.0
2024-12-14 1:55:21.810,0.0024,-0.001,1.0044,25.06,0.0,0.0
2024-12-14 1:55:21.820,0.0034,0.0005,1.0059,25.06,0.0,0.0
2024-12-14 1:55:21.804,0.0024,-0.0034,1.0039,25.06,0.0,0.0
2024-12-14 1:55:21.814,0.0015,0.0,1.0049,25.06,0.0,0.0
2024-12-14 1:55:21.824,0.0024,0.0,1.0054,25.18,0.0,0.0
2024-12-14 1:55:21.850,0.001,-0.001,1.0034,25.25,0.0,0.0
2024-12-14 1:55:21.860,0.0,-0.001,1.0054,25.0,0.0,0.0
2024-12-14 1:55:21.870,-0.0005,0.0,1.0073,25.18,0.0,0.0
2024-12-14 1:55:21.880,0.0,-0.001,1.0068,25.12,0.0,0.0
2024-12-14 1:55:21.904,0.0,0.0029,1.0054,25.25,0.0,0.0
2024-12-14 1:55:21.914,-0.002,-0.001,1.0054,25.0,0.0,0.0
2024-12-14 1:55:21.924,0.0,0.0024,1.0088,25.06,0.0,0.0
2024-12-14 1:55:21.934,-0.0034,0.001,1.0063,25.31,0.0,0.0
2024-12-14 1:55:21.944,-0.0029,0.002,1.0073,25.12,0.0,0.0
2024-12-14 1:55:21.954,-0.0005,0.0015,1.0083,25.06,0.0,0.0
2024-12-14 1:55:21.964,0.001,-0.001,1.0068,25.12,0.0,0.0
2024-12-14 1:55:21.950,0.002,0.0015,1.0039,25.06,0.0,0.0
2024-12-14 1:55:21.960,0.0034,0.0024,1.0059,25.12,0.0,0.0
2024-12-14 1:55:21.970,0.002,0.0005,1.0044,25.25,0.0,0.0
2024-12-14 1:55:21.980,0.0044,0.0,1.0088,25.06,0.0,0.0
2024-12-14 1:55:22.0,0.0005,-0.0015,1.0054,25.25,0.0,0.0
2024-12-14 1:55:22.10,0.0024,0.0,1.0049,25.12,0.0,0.0
2024-12-14 1:55:22.20,0.0015,-0.001,1.0054,25.12,0.0,0.0
2024-12-14 1:55:22.30,0.0005,-0.0024,1.0049,25.18,0.0,0.0
2024-12-14 1:55:22.54,0.0,0.0029,1.0044,25.31,0.0,0.0
2024-12-14 1:55:22.64,0.0,-0.001,1.0044,25.06,0.0,0.0
2024-12-14 1:55:22.74,0.0,-0.0005,1.0034,25.18,0.0,0.0
2024-12-14 1:55:22.84,-0.0029,0.0024,1.0059,25.12,0.0,0.0
2024-12-14 1:55:22.94,-0.0005,0.001,1.0034,25.25,0.0,0.0
2024-12-14 1:55:22.104,-0.0039,0.0034,1.0054,25.18,0.0,0.0
2024-12-14 1:55:22.114,-0.0034,0.0024,1.0063,25.06,0.0,0.0
2024-12-14 1:55:22.124,-0.0015,0.001,1.0049,25.0,0.0,0.0
2024-12-14 1:55:22.134,-0.0015,-0.0005,1.0039,25.12,0.0,0.0
2024-12-14 1:55:22.144,-0.0005,-0.0005,1.0049,25.06,0.0,0.0
2024-12-14 1:55:22.154,0.0015,0.0005,1.0039,25.06,0.0,0.0
2024-12-14 1:55:22.164,0.0015,-0.001,1.0068,25.06,0.0,0.0
2024-12-14 1:55:22.174,0.0005,0.0,1.0054,25.25,0.0,0.0
2024-12-14 1:55:22.184,-0.0049,-0.0015,1.0039,25.0,0.0,0.0
2024-12-14 1:55:22.149,0.001,0.0005,1.0073,25.06,0.0,0.0
2024-12-14 1:55:22.159,0.0,-0.0044,1.0054,25.25,0.0,0.0
2024-12-14 1:55:22.169,0.002,0.0,1.0029,25.18,0.0,0.0
2024-12-14 1:55:22.179,0.0,0.0,1.0034,25.25,0.0,0.0
2024-12-14 1:55:22.200,-0.001,-0.0005,1.0005,25.25,0.0,0.0
2024-12-14 1:55:22.210,0.001,0.0015,1.0093,25.12,0.0,0.0
2024-12-14 1:55:22.220,0.0,0.0,1.0044,25.18,0.0,0.0
2024-12-14 1:55:22.230,-0.001,0.0005,1.0088,25.06,0.0,0.0
2024-12-14 1:55:22.255,-0.0029,0.0029,1.0039,25.12,0.0,0.0
2024-12-14 1:55:22.265,-0.001,-0.0015,1.0098,25.25,0.0,0.0
2024-12-14 1:55:22.275,-0.0044,0.002,1.0107,25.06,0.0,0.0
2024-12-14 1:55:22.299,0.0,0.0,1.0107,25.12,0.0,0.0
2024-12-14 1:55:22.309,-0.0034,-0.0005,1.0098,25.31,0.0,0.0
2024-12-14 1:55:22.319,0.0005,-0.0015,1.0068,25.06,0.0,0.0
2024-12-14 1:55:22.329,0.0015,-0.0024,1.0083,25.06,0.0,0.0
2024-12-14 1:55:22.339,0.0029,0.0,1.0029,25.06,0.0,0.0
2024-12-14 1:55:22.349,0.0005,-0.0015,1.0078,25.18,0.0,0.0
2024-12-14 1:55:22.359,0.0,-0.0015,1.0044,25.06,0.0,0.0
2024-12-14 1:55:22.369,-0.0005,0.0024,1.0068,25.25,0.0,0.0
2024-12-14 1:55:22.355,-0.0015,0.0005,1.0015,25.25,0.0,0.0
2024-12-14 1:55:22.365,0.0024,0.001,1.0088,25.06,0.0,0.0
2024-12-14 1:55:22.375,0.0034,0.0,1.0015,25.06,0.0,0.0
2024-12-14 1:55:22.399,0.0049,-0.0024,1.0039,25.06,0.0,0.0
2024-12-14 1:55:22.409,0.0044,-0.0015,1.0044,24.87,0.0,0.0
2024-12-14 1:55:22.419,-0.0029,-0.0005,1.0024,25.0,0.0,0.0
2024-12-14 1:55:22.429,0.0029,0.0005,1.0098,25.12,0.0,0.0
2024-12-14 1:55:22.450,-0.0039,0.0015,1.0044,25.25,0.0,0.0
2024-12-14 1:55:22.460,0.001,-0.001,1.0039,25.18,0.0,0.0
2024-12-14 1:55:22.470,-0.0073,0.0044,1.0073,25.12,0.0,0.0
2024-12-14 1:55:22.480,-0.0024,0.001,1.0049,25.12,0.0,0.0
2024-12-14 1:55:22.490,-0.0063,0.0024,1.0117,25.12,0.0,0.0
2024-12-14 1:55:22.500,0.0024,0.0029,1.0044,25.0,0.0,0.0
2024-12-14 1:55:22.510,0.0,-0.0024,1.0039,25.12,0.0,0.0
2024-12-14 1:55:22.500,0.0029,0.0005,1.0073,25.31,0.0,0.0
2024-12-14 1:55:22.510,0.0083,-0.002,1.0029,25.06,0.0,0.0
2024-12-14 1:55:22.520,0.0034,-0.0054,1.0054,25.06,0.0,0.0
2024-12-14 1:55:22.530,0.0015,0.0,1.0024,25.18,0.0,0.0
2024-12-14 1:55:22.549,0.0,0.0015,1.0039,25.06,0.0,0.0
2024-12-14 1:55:22.559,-0.002,-0.0024,1.0112,25.12,0.0,0.0
2024-12-14 1:55:22.569,0.0005,0.0029,1.0083,24.87,0.0,0.0
2024-12-14 1:55:22.579,-0.0034,0.0,1.0068,25.06,0.0,0.0
2024-12-14 1:55:22.605,0.0015,0.001,1.0015,25.0,0.0,0.0
2024-12-14 1:55:22.615,0.002,-0.002,1.0039,25.0,0.0,0.0
2024-12-14 1:55:22.625,0.0054,0.0005,1.0063,25.12,0.0,0.0
2024-12-14 1:55:22.635,0.002,-0.0005,1.0063,25.06,0.0,0.0
2024-12-14 1:55:22.645,-0.0005,0.0005,1.0117,25.0,0.0,0.0
2024-12-14 1:55:22.655,0.0,0.0015,1.0078,25.25,0.0,0.0
2024-12-14 1:55:22.665,-0.0054,0.002,1.0068,25.25,0.0,0.0
2024-12-14 1:55:22.649,-0.0029,-0.0005,1.0112,25.12,0.0,0.0
2024-12-14 1:55:22.659,-0.0024,0.0,1.0068,25.06,0.0,0.0
2024-12-14 1:55:22.669,0.001,-0.0015,1.0054,25.06,0.0,0.0
2024-12-14 1:55:22.679,0.0034,-0.0005,1.0044,25.06,0.0,0.0
2024-12-14 1:55:22.705,0.0039,-0.0005,1.0024,25.12,0.0,0.0
2024-12-14 1:55:22.715,0.0044,-0.001,1.0088,25.31,0.0,0.0
2024-12-14 1:55:22.725,0.0024,0.0,1.0059,25.12,0.0,0.0
2024-12-14 1:55:22.735,0.0015,-0.0015,1.0078,25.25,0.0,0.0
2024-12-14 1:55:22.745,0.0015,0.0005,1.0054,25.25,0.0,0.0
2024-12-14 1:55:22.755,-0.0015,0.0005,1.0073,25.0,0.0,0.0
2024-12-14 1:55:22.765,-0.001,-0.0005,1.002,25.06,0.0,0.0
2024-12-14 1:55:22.750,-0.0005,0.0015,1.0059,25.12,0.0,0.0
2024-12-14 1:55:22.760,0.0,0.001,1.0063,25.06,0.0,0.0
2024-12-14 1:55:22.770,-0.001,0.002,1.0083,25.25,0.0,0.0
2024-12-14 1:55:22.780,0.0,0.0015,1.0049,25.18,0.0,0.0
2024-12-14 1:55:22.804,0.001,0.0,1.0098,25.06,0.0,0.0
2024-12-14 1:55:22.814,-0.0034,0.0005,1.0054,25.18,0.0,0.0
2024-12-14 1:55:22.824,-0.0005,0.0029,1.0098,25.25,0.0,0.0
2024-12-14 1:55:22.850,-0.0029,0.0015,1.0083,25.25,0.0,0.0
2024-12-14 1:55:22.860,-0.002,-0.001,1.0088,25.25,0.0,0.0
2024-12-14 1:55:22.870,0.0005,0.002,1.0059,25.06,0.0,0.0
2024-12-14 1:55:22.880,0.0029,-0.0029,1.0039,25.0,0.0,0.0
2024-12-14 1:55:22.890,0.0029,-0.002,1.0073,25.0,0.0,0.0
2024-12-14 1:55:22.900,0.0044,-0.0005,1.0049,25.18,0.0,0.0
2024-12-14 1:55:22.910,0.0024,-0.0034,1.0049,25.06,0.0,0.0
2024-12-14 1:55:22.920,0.0024,0.0,1.0063,25.18,0.0,0.0
2024-12-14 1:55:22.904,0.0,-0.0034,1.0039,25.25,0.0,0.0
2024-12-14 1:55:22.914,-0.0015,0.0005,1.0063,25.37,0.0,0.0
2024-12-14 1:55:22.924,-0.0024,0.0015,1.0107,25.12,0.0,0.0
2024-12-14 1:55:22.950,-0.0029,0.0024,1.0049,25.06,0.0,0.0
2024-12-14 1:55:22.960,-0.0024,0.0005,1.0078,25.12,0.0,0.0
2024-12-14 1:55:22.970,-0.001,0.001,1.0073,25.12,0.0,0.0
2024-12-14 1:55:22.980,0.001,0.0005,1.0098,25.18,0.0,0.0
2024-12-14 1:55:23.0,-0.0005,0.0029,1.0068,25.06,0.0,0.0
2024-12-14 1:55:23.10,-0.0005,0.0005,1.0073,25.06,0.0,0.0
2024-12-14 1:55:23.20,0.0,0.0005,1.0068,24.87,0.0,0.0
2024-12-14 1:55:23.30,-0.0015,0.0,1.0078,25.06,0.0,0.0
2024-12-14 1:55:23.40,-0.0039,0.0,1.0034,25.12,0.0,0.0
2024-12-14 1:55:23.50,-0.001,-0.0024,1.0049,25.25,0.0,0.0
2024-12-14 1:55:23.60,0.0015,0.0,1.0068,25.12,0.0,0.0
2024-12-14 1:55:23.49,0.0015,-0.0024,1.0063,25.31,0.0,0.0
2024-12-14 1:55:23.59,0.0005,-0.0015,1.0059,25.0,0.0,0.0
2024-12-14 1:55:23.69,0.0034,-0.002,1.0098,25.0,0.0,0.0
2024-12-14 1:55:23.79,0.0054,-0.0005,1.0034,25.18,0.0,0.0
2024-12-14 1:55:23.89,0.0015,0.001,1.0078,25.06,0.0,0.0
2024-12-14 1:55:23.99,0.0,0.0034,1.0049,25.25,0.0,0.0
2024-12-14 1:55:23.109,-0.002,0.002,1.0024,25.0,0.0,0.0
2024-12-14 1:55:23.119,-0.0015,0.002,1.002,25.0,0.0,0.0
2024-12-14 1:55:23.105,-0.0015,0.0,1.0063,25.25,0.0,0.0
2024-12-14 1:55:23.115,-0.002,0.001,1.0049,25.06,0.0,0.0
2024-12-14 1:55:23.125,-0.0015,0.0029,1.0107,25.06,0.0,0.0
2024-12-14 1:55:23.135,0.0,0.0,1.0068,25.12,0.0,0.0
2024-12-14 1:55:23.154,0.001,0.0005,1.0083,25.18,0.0,0.0
2024-12-14 1:55:23.164,0.0,0.0024,1.0063,24.87,0.0,0.0
2024-12-14 1:55:23.174,-0.001,-0.001,1.0054,25.12,0.0,0.0
2024-12-14 1:55:23.200,-0.0015,-0.002,1.0073,25.12,0.0,0.0
2024-12-14 1:55:23.210,0.0,-0.0005,1.0083,24.87,0.0,0.0
2024-12-14 1:55:23.220,-0.0005,-0.0024,1.0049,25.06,0.0,0.0
2024-12-14 1:55:23.230,0.001,-0.001,1.0103,25.18,0.0,0.0
2024-12-14 1:55:23.255,0.002,0.0,1.0059,25.18,0.0,0.0
2024-12-14 1:55:23.265,0.0029,-0.0015,1.0044,25.31,0.0,0.0
2024-12-14 1:55:23.275,0.001,0.0,1.0044,24.87,0.0,0.0
2024-12-14 1:55:23.285,0.002,-0.002,1.0063,25.06,0.0,0.0
2024-12-14 1:55:23.295,0.0005,0.0,1.0054,25.06,0.0,0.0
2024-12-14 1:55:23.305,-0.0005,-0.0015,1.0093,25.12,0.0,0.0
2024-12-14 1:55:23.315,-0.002,0.0024,1.0068,25.12,0.0,0.0
2024-12-14 1:55:23.299,-0.0034,0.0024,1.0024,25.25,0.0,0.0
2024-12-14 1:55:23.309,-0.0005,-0.001,1.0059,25.06,0.0,0.0
2024-12-14 1:55:23.319,0.0,0.0015,1.0083,25.06,0.0,0.0
2024-12-14 1:55:23.329,-0.0005,-0.0005,1.0098,25.0,0.0,0.0
2024-12-14 1:55:23.355,0.001,0.001,1.0049,25.12,0.0,0.0
2024-12-14 1:55:23.365,0.0,0.0,1.0059,25.25,0.0,0.0
2024-12-14 1:55:23.375,0.0049,-0.0015,1.0098,25.06,0.0,0.0
2024-12-14 1:55:23.385,0.001,0.002,1.0098,25.18,0.0,0.0
2024-12-14 1:55:23.404,0.0034,0.0,1.001,25.12,0.0,0.0
2024-12-14 1:55:23.414,-0.002,-0.001,1.0044,25.25,0.0,0.0
2024-12-14 1:55:23.424,0.0049,0.0005,1.0044,25.25,0.0,0.0
2024-12-14 1:55:23.434,-0.0039,-0.0024,1.0098,25.12,0.0,0.0
2024-12-14 1:55:23.444,0.0073,0.001,1.0073,25.25,0.0,0.0
2024-12-14 1:55:23.454,0.001,0.0005,1.0049,25.06,0.0,0.0
2024-12-14 1:55:23.464,0.0039,-0.0015,1.0005,25.12,0.0,0.0
2024-12-14 1:55:23.455,-0.001,0.0005,1.0103,25.06,0.0,0.0
2024-12-14 1:55:23.465,0.0,0.0029,1.0049,25.0,0.0,0.0
2024-12-14 1:55:23.475,-0.0034,0.0,1.0083,25.06,0.0,0.0
2024-12-14 1:55:23.485,0.001,0.002,1.0078,25.0,0.0,0.0
2024-12-14 1:55:23.505,-0.002,0.0015,1.002,25.12,0.0,0.0
2024-12-14 1:55:23.515,0.0,-0.0005,1.0122,25.12,0.0,0.0
2024-12-14 1:55:23.525,-0.001,0.0034,1.002,25.06,0.0,0.0
2024-12-14 1:55:23.549,0.0005,-0.0015,1.0044,25.25,0.0,0.0
2024-12-14 1:55:23.559,0.0005,-0.0024,1.0054,25.12,0.0,0.0
2024-12-14 1:55:23.569,0.0005,-0.0034,1.0044,25.18,0.0,0.0
2024-12-14 1:55:23.579,0.0,0.0005,1.0078,25.37,0.0,0.0
2024-12-14 1:55:23.589,0.0005,-0.0015,1.0063,25.06,0.0,0.0
2024-12-14 1:55:23.599,0.0,0.002,1.0068,25.18,0.0,0.0
2024-12-14 1:55:23.609,0.0,0.0,1.0059,25.31,0.0,0.0
2024-12-14 1:55:23.619,0.0024,0.0024,1.0039,25.25,0.0,0.0
2024-12-14 1:55:23.605,0.0015,-0.001,1.0063,25.25,0.0,0.0
2024-12-14 1:55:23.615,0.0,0.0015,1.0039,24.87,0.0,0.0
2024-12-14 1:55:23.625,-0.0034,-0.0005,1.0059,25.12,0.0,0.0
2024-12-14 1:55:23.649,-0.0005,0.0,1.0063,25.06,0.0,0.0
2024-12-14 1:55:23.659,-0.001,0.0024,1.0078,25.25,0.0,0.0
2024-12-14 1:55:23.669,-0.0029,0.0,1.0088,24.74,0.0,0.0
2024-12-14 1:55:23.679,-0.0015,0.0,1.0078,25.12,0.0,0.0
2024-12-14 1:55:23.689,0.0,0.0,1.0083,25.18,0.0,0.0
2024-12-14 1:55:23.699,-0.0015,-0.0029,1.0049,25.18,0.0,0.0
2024-12-14 1:55:23.709,0.0015,-0.0005,1.0078,25.12,0.0,0.0
2024-12-14 1:55:23.719,0.0015,-0.001,1.0029,25.06,0.0,0.0
2024-12-14 1:55:23.705,0.0015,0.0,1.0063,25.25,0.0,0.0
2024-12-14 1:55:23.715,-0.001,0.0,1.0063,25.06,0.0,0.0
2024-12-14 1:55:23.725,-0.0015,-0.002,1.0044,25.0,0.0,0.0
2024-12-14 1:55:23.750,0.001,-0.0005,1.0049,25.37,0.0,0.0
2024-12-14 1:55:23.760,0.0,0.0,1.0078,25.06,0.0,0.0
2024-12-14 1:55:23.770,0.0034,-0.0005,1.0054,25.06,0.0,0.0
2024-12-14 1:55:23.780,0.0,-0.001,1.0005,24.87,0.0,0.0
2024-12-14 1:55:23.804,0.0,-0.0005,1.0103,25.12,0.0,0.0
2024-12-14 1:55:23.814,0.0005,0.0029,1.0059,25.25,0.0,0.0
2024-12-14 1:55:23.824,-0.001,0.0015,1.0059,25.18,0.0,0.0
2024-12-14 1:55:23.834,-0.002,0.0024,1.0063,25.06,0.0,0.0
2024-12-14 1:55:23.844,-0.0049,0.0029,1.0054,25.06,0.0,0.0
2024-12-14 1:55:23.854,-0.0024,0.002,1.0029,25.18,0.0,0.0
2024-12-14 1:55:23.864,-0.001,-0.0024,1.0078,25.06,0.0,0.0
2024-12-14 1:55:23.850,-0.0005,0.0015,1.0039,25.18,0.0,0.0
2024-12-14 1:55:23.860,0.0,0.0005,1.0049,25.06,0.0,0.0
2024-12-14 1:55:23.870,0.0005,-0.001,1.0049,25.25,0.0,0.0
2024-12-14 1:55:23.880,-0.001,0.001,1.0073,25.06,0.0,0.0
2024-12-14 1:55:23.904,0.0005,0.0,1.0073,25.12,0.0,0.0
2024-12-14 1:55:23.914,0.0005,0.0,1.0073,25.18,0.0,0.0
2024-12-14 1:55:23.924,0.0015,0.001,1.0044,25.25,0.0,0.0
2024-12-14 1:55:23.934,0.0005,-0.001,1.0059,25.06,0.0,0.0
2024-12-14 1:55:23.955,0.0005,0.0015,1.002,25.0,0.0,0.0
2024-12-14 1:55:23.965,0.0,-0.0005,1.0054,25.12,0.0,0.0
2024-12-14 1:55:23.975,-0.0005,-0.0005,1.0063,25.06,0.0,0.0
2024-12-14 1:55:23.985,0.0,0.0015,1.0068,25.06,0.0,0.0
2024-12-14 1:55:23.995,-0.002,-0.001,1.0073,25.12,0.0,0.0
2024-12-14 1:55:24.5,0.0015,-0.0005,1.0068,25.06,0.0,0.0
2024-12-14 1:55:24.15,-0.001,0.0,1.0078,24.87,0.0,0.0
2024-12-14 1:55:24.5,-0.0039,0.001,1.0088,25.18,0.0,0.0
2024-12-14 1:55:24.15,-0.0024,0.0,1.0063,25.06,0.0,0.0
2024-12-14 1:55:24.25,0.0,0.0005,1.0059,25.06,0.0,0.0
2024-12-14 1:55:24.35,0.0015,0.0,1.0034,25.12,0.0,0.0
2024-12-14 1:55:24.54,0.001,0.0015,1.0054,25.06,0.0,0.0
2024-12-14 1:55:24.64,0.0005,0.0,1.002,25.0,0.0,0.0
2024-12-14 1:55:24.74,0.0015,0.0,1.0073,25.25,0.0,0.0
2024-12-14 1:55:24.84,0.0024,-0.002,1.0034,25.06,0.0,0.0
2024-12-14 1:55:24.94,0.002,0.0,1.0054,25.06,0.0,0.0
2024-12-14 1:55:24.104,0.0,-0.0005,1.0068,25.18,0.0,0.0
2024-12-14 1:55:24.114,0.0015,-0.001,1.0083,25.25,0.0,0.0
2024-12-14 1:55:24.124,0.0015,0.0,1.0068,25.18,0.0,0.0
2024-12-14 1:55:24.134,0.001,0.0,1.0088,25.12,0.0,0.0
2024-12-14 1:55:24.144,-0.0005,0.0005,1.0044,25.12,0.0,0.0
2024-12-14 1:55:24.154,-0.0029,0.001,1.0103,25.0,0.0,0.0
2024-12-14 1:55:24.164,-0.0015,-0.0005,1.0034,25.25,0.0,0.0
2024-12-14 1:55:24.174,-0.001,0.0,1.0078,25.12,0.0,0.0
2024-12-14 1:55:24.184,-0.001,0.0,1.0044,25.12,0.0,0.0
2024-12-14 1:55:24.194,-0.0024,0.002,1.0073,25.18,0.0,0.0
2024-12-14 1:55:24.204,-0.0029,0.0,1.0044,25.0,0.0,0.0
2024-12-14 1:55:24.154,-0.002,0.0024,1.0078,25.12,0.0,0.0
2024-12-14 1:55:24.164,0.0,-0.0005,1.0029,25.06,0.0,0.0
2024-12-14 1:55:24.205,0.0005,-0.001,1.0063,25.06,0.0,0.0
2024-12-14 1:55:24.215,0.002,-0.0005,1.0049,25.06,0.0,0.0
2024-12-14 1:55:24.225,0.002,-0.0005,1.0073,25.18,0.0,0.0
2024-12-14 1:55:24.235,0.0029,-0.002,1.0068,25.12,0.0,0.0
2024-12-14 1:55:24.255,0.0034,-0.0015,1.0054,24.87,0.0,0.0
2024-12-14 1:55:24.265,-0.0015,0.0,1.0024,25.18,0.0,0.0
2024-12-14 1:55:24.275,0.0005,0.001,1.0059,25.18,0.0,0.0
2024-12-14 1:55:24.299,-0.0015,-0.001,1.0034,24.87,0.0,0.0
2024-12-14 1:55:24.309,-0.001,0.0005,1.0063,25.31,0.0,0.0
2024-12-14 1:55:24.319,-0.0005,0.0,1.0063,25.06,0.0,0.0
2024-12-14 1:55:24.329,-0.0015,0.0024,1.0039,25.25,0.0,0.0
2024-12-14 1:55:24.355,0.0015,0.0,1.0063,25.25,0.0,0.0
2024-12-14 1:55:24.365,-0.0044,-0.0005,1.0088,25.06,0.0,0.0
2024-12-14 1:55:24.375,-0.002,0.001,1.0093,25.06,0.0,0.0
2024-12-14 1:55:24.385,-0.001,-0.0005,1.0078,25.18,0.0,0.0
2024-12-14 1:55:24.395,0.001,0.0024,1.0059,25.06,0.0,0.0
2024-12-14 1:55:24.405,0.0,0.001,1.0034,25.12,0.0,0.0
2024-12-14 1:55:24.415,0.0015,0.0015,1.0044,25.06,0.0,0.0
2024-12-14 1:55:24.399,0.0015,0.0015,1.0054,25.06,0.0,0.0
2024-12-14 1:55:24.409,0.001,0.0,1.0054,25.06,0.0,0.0
2024-12-14 1:55:24.419,0.0,0.0015,1.0093,25.06,0.0,0.0
2024-12-14 1:55:24.429,0.0,0.0,1.0068,25.06,0.0,0.0
2024-12-14 1:55:24.450,0.0,-0.001,1.0059,25.06,0.0,0.0
2024-12-14 1:55:24.460,-0.0005,0.0015,1.0044,25.31,0.0,0.0
2024-12-14 1:55:24.470,0.0,-0.0015,1.0068,25.18,0.0,0.0
2024-12-14 1:55:24.480,-0.0015,0.0,1.0098,24.87,0.0,0.0
2024-12-14 1:55:24.505,0.0,0.001,1.0063,25.12,0.0,0.0
2024-12-14 1:55:24.515,-0.0005,-0.0005,1.0049,25.12,0.0,0.0
2024-12-14 1:55:24.525,0.001,-0.0015,1.0024,25.12,0.0,0.0
2024-12-14 1:55:24.535,0.0005,0.002,1.0083,25.12,0.0,0.0
2024-12-14 1:55:24.545,-0.0015,0.0024,1.0034,25.31,0.0,0.0
2024-12-14 1:55:24.555,0.0,0.0005,1.0078,25.0,0.0,0.0
2024-12-14 1:55:24.565,-0.0005,0.002,1.0068,25.0,0.0,0.0
2024-12-14 1:55:24.554,-0.0024,0.0044,1.0049,25.06,0.0,0.0
2024-12-14 1:55:24.564,0.0024,-0.0024,1.0063,25.18,0.0,0.0
2024-12-14 1:55:24.574,0.0005,0.0005,1.0063,25.06,0.0,0.0
2024-12-14 1:55:24.584,0.0005,-0.001,1.0034,25.06,0.0,0.0
2024-12-14 1:55:24.605,0.0024,-0.001,1.0063,25.06,0.0,0.0
2024-12-14 1:55:24.615,0.0005,-0.0015,1.0024,25.25,0.0,0.0
2024-12-14 1:55:24.625,-0.002,-0.001,1.0073,25.06,0.0,0.0
2024-12-14 1:55:24.635,-0.001,-0.0024,1.0039,25.06,0.0,0.0
2024-12-14 1:55:24.645,-0.001,0.0,1.0083,25.06,0.0,0.0
2024-12-14 1:55:24.655,-0.0005,-0.0029,1.0029,25.25,0.0,0.0
2024-12-14 1:55:24.665,0.0,-0.002,1.0078,25.12,0.0,0.0
2024-12-14 1:55:24.649,-0.0005,0.0,1.0068,25.06,0.0,0.0
2024-12-14 1:55:24.659,0.0,-0.0005,1.0039,25.18,0.0,0.0
2024-12-14 1:55:24.669,0.0015,0.0029,1.0078,25.06,0.0,0.0
2024-12-14 1:55:24.679,-0.0005,-0.0015,1.0049,25.25,0.0,0.0
2024-12-14 1:55:24.705,-0.0024,0.002,1.0103,25.06,0.0,0.0
2024-12-14 1:55:24.715,0.0,0.0024,1.0068,25.18,0.0,0.0
2024-12-14 1:55:24.725,-0.0049,0.001,1.0044,25.0,0.0,0.0
2024-12-14 1:55:24.750,0.0,0.001,1.0083,25.25,0.0,0.0
2024-12-14 1:55:24.760,0.0,0.0015,1.0039,25.0,0.0,0.0
2024-12-14 1:55:24.770,0.0,0.0,1.0078,25.18,0.0,0.0
2024-12-14 1:55:24.780,0.0024,0.0,1.0034,25.37,0.0,0.0
2024-12-14 1:55:24.790,0.0005,-0.0015,1.0059,25.06,0.0,0.0
2024-12-14 1:55:24.800,-0.0024,-0.001,1.0044,24.87,0.0,0.0
2024-12-14 1:55:24.810,-0.001,-0.0005,1.0049,25.12,0.0,0.0
2024-12-14 1:55:24.820,0.0,0.0,1.0049,25.12,0.0,0.0
2024-12-14 1:55:24.804,-0.001,0.002,1.0044,25.06,0.0,0.0
2024-12-14 1:55:24.814,-0.0005,-0.0005,1.0073,25.06,0.0,0.0
2024-12-14 1:55:24.824,0.0,0.0,1.0073,25.06,0.0,0.0
2024-12-14 1:55:24.850,0.0,0.0015,1.0093,25.0,0.0,0.0
2024-12-14 1:55:24.860,0.0005,-0.002,1.0068,25.06,0.0,0.0
2024-12-14 1:55:24.870,0.001,-0.0005,1.0068,25.25,0.0,0.0
2024-12-14 1:55:24.880,0.0024,0.002,1.0088,25.25,0.0,0.0
2024-12-14 1:55:24.899,0.001,0.0,1.0054,25.31,0.0,0.0
2024-12-14 1:55:24.909,0.0,-0.0029,1.0063,25.06,0.0,0.0
2024-12-14 1:55:24.919,-0.001,0.0005,1.0054,25.31,0.0,0.0
2024-12-14 1:55:24.929,0.0,-0.0015,1.0059,25.18,0.0,0.0
2024-12-14 1:55:24.939,-0.0015,0.0015,1.0068,25.06,0.0,0.0
2024-12-14 1:55:24.949,0.0,0.0,1.0049,25.12,0.0,0.0
2024-12-14 1:55:24.959,0.0005,-0.0034,1.0049,25.06,0.0,0.0
2024-12-14 1:55:24.950,0.0005,-0.0005,1.0063,25.12,0.0,0.0
2024-12-14 1:55:24.960,0.0029,-0.002,1.0029,25.0,0.0,0.0
2024-12-14 1:55:24.970,0.0015,-0.001,1.0083,25.25,0.0,0.0
2024-12-14 1:55:24.980,0.0024,0.0005,1.0083,25.18,0.0,0.0
2024-12-14 1:55:25.0,0.0005,0.0,1.0059,24.87,0.0,0.0
2024-12-14 1:55:25.10,-0.0024,-0.001,1.0098,25.25,0.0,0.0
2024-12-14 1:55:25.20,-0.0024,0.0024,1.0044,25.18,0.0,0.0
2024-12-14 1:55:25.30,-0.0039,0.001,1.0073,25.06,0.0,0.0
2024-12-14 1:55:25.40,-0.0005,0.0024,1.0039,25.12,0.0,0.0
2024-12-14 1:55:25.50,0.002,0.0,1.0098,25.37,0.0,0.0
2024-12-14 1:55:25.60,0.002,0.0005,1.0054,24.87,0.0,0.0
2024-12-14 1:55:25.49,0.0,0.0005,1.0044,25.18,0.0,0.0
2024-12-14 1:55:25.59,0.0,-0.0024,1.0063,25.06,0.0,0.0
2024-12-14 1:55:25.69,0.0015,0.001,1.0088,25.25,0.0,0.0
2024-12-14 1:55:25.79,0.0,0.0005,1.0059,25.25,0.0,0.0
2024-12-14 1:55:25.89,-0.0015,0.0005,1.0049,25.06,0.0,0.0
2024-12-14 1:55:25.99,0.0005,-0.001,1.0059,25.18,0.0,0.0
2024-12-14 1:55:25.109,0.0,0.0005,1.0044,25.0,0.0,0.0
2024-12-14 1:55:25.119,0.0024,0.0005,1.0054,25.06,0.0,0.0
2024-12-14 1:55:25.129,0.002,-0.0005,1.0068,25.0,0.0,0.0
2024-12-14 1:55:25.139,-0.001,0.0005,1.0073,25.31,0.0,0.0
2024-12-14 1:55:25.149,0.0005,0.0,1.0054,25.12,0.0,0.0
2024-12-14 1:55:25.149,-0.0024,0.002,1.0044,25.25,0.0,0.0
2024-12-14 1:55:25.159,0.0,0.0015,1.0049,25.31,0.0,0.0
2024-12-14 1:55:25.169,0.0,0.0015,1.0073,25.12,0.0,0.0
2024-12-14 1:55:25.179,-0.0024,0.0005,1.0054,25.25,0.0,0.0
2024-12-14 1:55:25.200,-0.0015,-0.0005,1.0068,25.06,0.0,0.0
2024-12-14 1:55:25.210,0.0005,0.0,1.0098,25.12,0.0,0.0
2024-12-14 1:55:25.220,0.0,-0.0005,1.0063,25.18,0.0,0.0
2024-12-14 1:55:25.230,0.002,0.0,1.0034,25.06,0.0,0.0
2024-12-14 1:55:25.255,0.001,0.0,1.0063,25.31,0.0,0.0
2024-12-14 1:55:25.265,0.0029,0.0005,1.0054,25.06,0.0,0.0
2024-12-14 1:55:25.275,0.0015,-0.0024,1.0059,25.0,0.0,0.0
2024-12-14 1:55:25.299,0.0,-0.0005,1.0039,25.12,0.0,0.0
2024-12-14 1:55:25.309,0.002,0.001,1.0039,25.31,0.0,0.0
2024-12-14 1:55:25.319,0.0005,0.0,1.0054,25.0,0.0,0.0
2024-12-14 1:55:25.329,0.0,0.0,1.0049,25.06,0.0,0.0
2024-12-14 1:55:25.339,0.0,0.002,1.0049,25.31,0.0,0.0
2024-12-14 1:55:25.349,0.0,0.0005,1.0068,25.18,0.0,0.0
2024-12-14 1:55:25.359,0.0,0.0,1.0059,25.25,0.0,0.0
2024-12-14 1:55:25.369,0.001,-0.001,1.0073,24.87,0.0,0.0
2024-12-14 1:55:25.355,-0.001,0.001,1.0059,25.12,0.0,0.0
2024-12-14 1:55:25.365,-0.001,0.0034,1.0073,25.0,0.0,0.0
2024-12-14 1:55:25.375,-0.0029,0.0,1.0083,25.06,0.0,0.0
2024-12-14 1:55:25.399,0.0,0.0,1.0034,25.25,0.0,0.0
2024-12-14 1:55:25.409,0.0,-0.0029,1.0073,25.06,0.0,0.0
2024-12-14 1:55:25.419,0.001,0.0005,1.0112,25.12,0.0,0.0
2024-12-14 1:55:25.429,-0.001,0.0,1.0073,25.25,0.0,0.0
2024-12-14 1:55:25.450,0.001,-0.0015,1.0044,25.06,0.0,0.0
2024-12-14 1:55:25.460,0.0005,0.0,1.0054,25.25,0.0,0.0
2024-12-14 1:55:25.470,0.0,-0.0005,1.0039,25.12,0.0,0.0
2024-12-14 1:55:25.480,0.0005,0.002,1.0044,25.12,0.0,0.0
2024-12-14 1:55:25.490,-0.0005,0.002,1.0063,25.18,0.0,0.0
2024-12-14 1:55:25.500,0.001,0.0,1.0039,25.12,0.0,0.0
2024-12-14 1:55:25.510,0.0,0.0024,1.0068,25.31,0.0,0.0
2024-12-14 1:55:25.500,-0.001,0.0015,1.0039,25.18,0.0,0.0
2024-12-14 1:55:25.510,0.001,0.001,1.0054,25.12,0.0,0.0
2024-12-14 1:55:25.520,0.0015,-0.0005,1.0068,25.12,0.0,0.0
2024-12-14 1:55:25.530,-0.0005,-0.0029,1.0103,25.0,0.0,0.0
2024-12-14 1:55:25.549,-0.002,0.0,1.0034,25.0,0.0,0.0
2024-12-14 1:55:25.559,0.0,0.0015,1.0039,25.06,0.0,0.0
2024-12-14 1:55:25.569,-0.0024,-0.001,1.0073,25.18,0.0,0.0
2024-12-14 1:55:25.579,-0.0034,-0.0005,1.0073,25.25,0.0,0.0
2024-12-14 1:55:25.589,-0.0005,-0.0015,1.0024,25.06,0.0,0.0
2024-12-14 1:55:25.599,-0.001,0.0005,1.0083,25.06,0.0,0.0
2024-12-14 1:55:25.609,0.0,0.0015,1.0039,25.12,0.0,0.0
2024-12-14 1:55:25.600,0.001,-0.0029,1.0068,25.12,0.0,0.0
2024-12-14 1:55:25.610,0.002,-0.0024,1.0073,25.06,0.0,0.0
2024-12-14 1:55:25.620,-0.0005,-0.001,1.0068,25.25,0.0,0.0
2024-12-14 1:55:25.630,0.001,-0.0024,1.0078,25.25,0.0,0.0
2024-12-14 1:55:25.649,-0.0005,0.0005,1.0044,25.12,0.0,0.0
2024-12-14 1:55:25.659,0.0,0.0,1.0068,25.31,0.0,0.0
2024-12-14 1:55:25.669,-0.001,0.0005,1.0044,25.06,0.0,0.0
2024-12-14 1:55:25.679,0.0005,-0.001,1.0039,25.18,0.0,0.0
2024-12-14 1:55:25.705,-0.001,-0.0005,1.0059,25.06,0.0,0.0
2024-12-14 1:55:25.715,-0.0005,0.0005,1.0073,25.25,0.0,0.0
2024-12-14 1:55:25.725,0.0,0.0044,1.0054,25.06,0.0,0.0
2024-12-14 1:55:25.735,-0.002,0.0,1.0063,25.25,0.0,0.0
2024-12-14 1:55:25.745,0.0,0.001,1.0049,25.06,0.0,0.0
2024-12-14 1:55:25.755,0.0005,0.0005,1.0068,25.12,0.0,0.0
2024-12-14 1:55:25.765,0.001,0.0,1.0054,25.06,0.0,0.0
2024-12-14 1:55:25.750,-0.0005,-0.0015,1.0059,25.06,0.0,0.0
2024-12-14 1:55:25.760,0.0,0.0,1.0054,25.18,0.0,0.0
2024-12-14 1:55:25.770,0.0005,-0.0005,1.0029,25.25,0.0,0.0
2024-12-14 1:55:25.780,0.002,0.0,1.002,25.0,0.0,0.0
2024-12-14 1:55:25.804,0.0024,0.0,1.0039,25.06,0.0,0.0
2024-12-14 1:55:25.814,0.0024,0.0,1.0029,25.06,0.0,0.0
2024-12-14 1:55:25.824,0.001,-0.001,1.0063,25.06,0.0,0.0
2024-12-14 1:55:25.834,0.002,0.0,1.0068,25.06,0.0,0.0
2024-12-14 1:55:25.855,-0.0024,0.0,1.0039,25.18,0.0,0.0
2024-12-14 1:55:25.865,-0.001,0.0005,1.0068,25.12,0.0,0.0
2024-12-14 1:55:25.875,-0.0034,0.001,1.0068,24.87,0.0,0.0
2024-12-14 1:55:25.885,-0.0015,-0.0015,1.0049,25.18,0.0,0.0
2024-12-14 1:55:25.895,-0.001,0.0005,1.0073,25.25,0.0,0.0
2024-12-14 1:55:25.905,0.0005,-0.0005,1.0044,25.25,0.0,0.0
2024-12-14 1:55:25.915,0.002,-0.0005,1.0063,25.18,0.0,0.0
2024-12-14 1:55:25.904,-0.0005,0.0005,1.0049,25.12,0.0,0.0
2024-12-14 1:55:25.914,0.0005,0.0005,1.0093,25.06,0.0,0.0
2024-12-14 1:55:25.924,-0.0005,0.0,1.0059,25.31,0.0,0.0
2024-12-14 1:55:25.934,-0.0005,0.0024,1.002,25.18,0.0,0.0
2024-12-14 1:55:25.955,0.0,-0.0015,1.0034,24.87,0.0,0.0
2024-12-14 1:55:25.965,-0.0005,0.001,1.0039,25.06,0.0,0.0
2024-12-14 1:55:25.975,0.001,0.0,1.0044,25.06,0.0,0.0
2024-12-14 1:55:26.0,0.0005,0.002,1.0059,25.06,0.0,0.0
2024-12-14 1:55:26.10,0.002,-0.0005,1.0063,25.06,0.0,0.0
2024-12-14 1:55:26.20,0.0029,-0.0005,1.0098,25.12,0.0,0.0
2024-12-14 1:55:26.30,-0.0005,0.0,1.0049,25.18,0.0,0.0
2024-12-14 1:55:26.40,0.0,0.0,1.0054,25.12,0.0,0.0
2024-12-14 1:55:26.50,-0.0005,0.0,1.0063,25.0,0.0,0.0
2024-12-14 1:55:26.60,0.0,-0.001,1.0063,25.25,0.0,0.0
2024-12-14 1:55:26.70,-0.0015,-0.0005,1.0059,25.18,0.0,0.0
2024-12-14 1:55:26.54,-0.0024,0.0,1.0063,25.06,0.0,0.0
2024-12-14 1:55:26.64,-0.0005,-0.0015,1.0059,25.12,0.0,0.0
2024-12-14 1:55:26.74,0.0,-0.0005,1.0059,25.06,0.0,0.0
2024-12-14 1:55:26.84,0.001,0.0005,1.0068,25.06,0.0,0.0
2024-12-14 1:55:26.94,0.0015,0.0039,1.0073,24.87,0.0,0.0
2024-12-14 1:55:26.104,0.002,0.0,1.0098,25.37,0.0,0.0
2024-12-14 1:55:26.114,0.001,0.0005,1.0083,25.12,0.0,0.0
2024-12-14 1:55:26.105,0.0,0.0,1.0024,25.18,0.0,0.0
2024-12-14 1:55:26.115,-0.0015,0.0,1.0039,25.12,0.0,0.0
2024-12-14 1:55:26.125,0.0,-0.0015,1.0029,25.12,0.0,0.0
2024-12-14 1:55:26.135,-0.0015,-0.0024,1.0068,25.18,0.0,0.0
2024-12-14 1:55:26.154,0.0005,-0.0005,1.0063,25.18,0.0,0.0
2024-12-14 1:55:26.164,-0.0005,-0.0005,1.0054,24.87,0.0,0.0
2024-12-14 1:55:26.174,-0.0005,0.0,1.0073,25.06,0.0,0.0
2024-12-14 1:55:26.200,0.0,0.0005,1.0054,25.18,0.0,0.0
2024-12-14 1:55:26.210,0.0,0.002,1.0044,25.31,0.0,0.0
2024-12-14 1:55:26.220,-0.002,0.001,1.0049,25.18,0.0,0.0
2024-12-14 1:55:26.230,-0.0024,0.001,1.0024,25.25,0.0,0.0
2024-12-14 1:55:26.255,-0.0005,0.0005,1.0059,25.31,0.0,0.0
2024-12-14 1:55:26.265,-0.0015,0.0005,1.0088,25.06,0.0,0.0
2024-12-14 1:55:26.275,0.001,-0.0005,1.0034,25.25,0.0,0.0
2024-12-14 1:55:26.285,-0.0005,-0.001,1.0044,25.12,0.0,0.0
2024-12-14 1:55:26.295,0.001,0.0,1.0024,25.06,0.0,0.0
2024-12-14 1:55:26.305,0.0005,-0.0005,1.0068,25.06,0.0,0.0
2024-12-14 1:55:26.315,-0.0005,-0.0005,1.0103,25.12,0.0,0.0
2024-12-14 1:55:26.299,-0.0005,0.0,1.0063,25.12,0.0,0.0
2024-12-14 1:55:26.309,0.0,0.0,1.0073,25.18,0.0,0.0
2024-12-14 1:55:26.319,0.0,-0.001,1.0068,25.18,0.0,0.0
2024-12-14 1:55:26.329,0.0005,0.0,1.0049,25.18,0.0,0.0
2024-12-14 1:55:26.355,0.0,0.0,1.0078,25.12,0.0,0.0
2024-12-14 1:55:26.365,0.001,0.0,1.002,25.18,0.0,0.0
2024-12-14 1:55:26.375,-0.002,0.002,1.0083,25.12,0.0,0.0
2024-12-14 1:55:26.385,-0.001,-0.0005,1.0073,25.5,0.0,0.0
2024-12-14 1:55:26.404,0.0005,0.0005,1.0078,25.12,0.0,0.0
2024-12-14 1:55:26.414,0.001,-0.002,1.0078,24.87,0.0,0.0
2024-12-14 1:55:26.424,0.0,0.002,1.0054,25.18,0.0,0.0
2024-12-14 1:55:26.434,0.0,0.0,1.0049,25.18,0.0,0.0
2024-12-14 1:55:26.444,-0.002,0.0024,1.0049,25.25,0.0,0.0
2024-12-14 1:55:26.454,-0.0015,0.0,1.0029,25.06,0.0,0.0
2024-12-14 1:55:26.464,0.001,0.002,1.0059,25.06,0.0,0.0
2024-12-14 1:55:26.455,0.0015,-0.0005,1.0083,25.25,0.0,0.0
2024-12-14 1:55:26.465,0.0005,0.0,1.0093,25.25,0.0,0.0
2024-12-14 1:55:26.475,0.0,-0.0029,1.002,25.06,0.0,0.0
2024-12-14 1:55:26.485,0.0,0.0,1.0088,25.25,0.0,0.0
2024-12-14 1:55:26.505,0.0005,-0.0005,1.0073,25.06,0.0,0.0
2024-12-14 1:55:26.515,-0.002,-0.0005,1.0073,25.25,0.0,0.0
2024-12-14 1:55:26.525,0.0,0.0005,1.0039,25.18,0.0,0.0
2024-12-14 1:55:26.535,0.0005,0.0024,1.0068,25.06,0.0,0.0
2024-12-14 1:55:26.545,-0.0005,0.0,1.0034,25.06,0.0,0.0
2024-12-14 1:55:26.555,-0.0005,0.0,1.0059,25.06,0.0,0.0
2024-12-14 1:55:26.565,-0.001,0.0,1.0029,25.12,0.0,0.0
2024-12-14 1:55:26.554,0.0005,0.0,1.0063,25.06,0.0,0.0
2024-12-14 1:55:26.564,-0.0005,0.0,1.0078,25.25,0.0,0.0
2024-12-14 1:55:26.574,0.0,0.002,1.0059,25.12,0.0,0.0
2024-12-14 1:55:26.584,-0.0005,0.0,1.0063,25.06,0.0,0.0
2024-12-14 1:55:26.605,-0.001,0.0,1.0083,25.25,0.0,0.0
2024-12-14 1:55:26.615,0.0,-0.0005,1.0049,25.25,0.0,0.0
2024-12-14 1:55:26.625,0.0015,-0.0005,1.0034,25.06,0.0,0.0
2024-12-14 1:55:26.649,0.0015,-0.0015,1.0049,25.18,0.0,0.0
2024-12-14 1:55:26.659,0.0,-0.001,1.0034,25.12,0.0,0.0
2024-12-14 1:55:26.669,0.001,0.001,1.0073,25.06,0.0,0.0
2024-12-14 1:55:26.679,0.0029,0.0015,1.0078,25.12,0.0,0.0
2024-12-14 1:55:26.689,0.0005,-0.0024,1.0044,25.25,0.0,0.0
2024-12-14 1:55:26.699,-0.0005,0.0,1.0049,25.0,0.0,0.0
2024-12-14 1:55:26.709,-0.0015,0.002,1.0034,25.18,0.0,0.0
2024-12-14 1:55:26.719,0.0005,0.0005,1.0059,25.0,0.0,0.0
2024-12-14 1:55:26.705,-0.0005,0.0005,1.0034,25.31,0.0,0.0
2024-12-14 1:55:26.715,-0.0005,-0.0005,1.0029,25.0,0.0,0.0
2024-12-14 1:55:26.725,0.0,-0.0005,1.0059,25.06,0.0,0.0
2024-12-14 1:55:26.750,0.0,-0.002,1.0049,25.18,0.0,0.0
2024-12-14 1:55:26.760,0.0,0.0,1.0073,25.12,0.0,0.0
2024-12-14 1:55:26.770,0.0,0.0024,1.0073,25.06,0.0,0.0
2024-12-14 1:55:26.780,0.0,-0.0005,1.0049,25.06,0.0,0.0
2024-12-14 1:55:26.804,0.0005,0.001,1.0078,25.12,0.0,0.0
2024-12-14 1:55:26.814,0.0,-0.001,1.0044,25.12,0.0,0.0
2024-12-14 1:55:26.824,-0.0005,0.0005,1.0029,25.06,0.0,0.0
2024-12-14 1:55:26.834,-0.0005,0.0015,1.0073,25.12,0.0,0.0
2024-12-14 1:55:26.844,0.0,0.0,1.0068,25.18,0.0,0.0
2024-12-14 1:55:26.854,0.0,0.001,1.0059,25.06,0.0,0.0
2024-12-14 1:55:26.864,-0.0005,-0.0024,1.0083,25.12,0.0,0.0
2024-12-14 1:55:26.850,-0.0005,0.001,1.0073,25.12,0.0,0.0
2024-12-14 1:55:26.860,0.0015,0.0005,1.0049,25.0,0.0,0.0
2024-12-14 1:55:26.870,0.0005,0.0,1.0073,25.12,0.0,0.0
2024-12-14 1:55:26.880,-0.001,0.002,1.0054,25.06,0.0,0.0
2024-12-14 1:55:26.904,0.001,0.0,1.0059,25.18,0.0,0.0
2024-12-14 1:55:26.914,0.0,0.0029,1.0044,25.12,0.0,0.0
2024-12-14 1:55:26.924,-0.001,0.001,1.0059,25.25,0.0,0.0
2024-12-14 1:55:26.934,0.0,-0.002,1.0034,25.25,0.0,0.0
2024-12-14 1:55:26.955,-0.0015,0.0,1.0088,25.06,0.0,0.0
2024-12-14 1:55:26.965,0.0024,-0.0005,1.0083,25.31,0.0,0.0
2024-12-14 1:55:26.975,-0.0005,-0.001,1.0068,25.06,0.0,0.0
2024-12-14 1:55:26.985,0.0,0.0,1.0054,25.18,0.0,0.0
2024-12-14 1:55:26.995,-0.001,0.0,1.0049,25.0,0.0,0.0
2024-12-14 1:55:27.5,0.0,-0.0015,1.0068,25.18,0.0,0.0
2024-12-14 1:55:27.15,-0.0015,-0.0015,1.0059,25.31,0.0,0.0
2024-12-14 1:55:27.5,-0.001,0.0,1.0044,25.06,0.0,0.0
2024-12-14 1:55:27.15,0.0024,0.0005,1.0088,25.37,0.0,0.0
2024-12-14 1:55:27.25,0.0,0.0005,1.0024,25.06,0.0,0.0
2024-12-14 1:55:27.35,0.0,0.0005,1.0029,25.06,0.0,0.0
2024-12-14 1:55:27.54,0.0015,0.0,1.0039,25.12,0.0,0.0
2024-12-14 1:55:27.64,-0.0005,-0.0024,1.0078,25.12,0.0,0.0
2024-12-14 1:55:27.74,0.0005,0.0034,1.0083,25.25,0.0,0.0
2024-12-14 1:55:27.84,-0.001,-0.0005,1.0068,25.25,0.0,0.0
2024-12-14 1:55:27.94,-0.002,-0.0005,1.0078,25.18,0.0,0.0
2024-12-14 1:55:27.104,0.0054,0.0015,1.0088,25.18,0.0,0.0
2024-12-14 1:55:27.114,-0.0078,0.0005,1.0059,25.06,0.0,0.0
2024-12-14 1:55:27.124,0.0,-0.0015,1.0093,25.25,0.0,0.0
2024-12-14 1:55:27.134,-0.0054,0.002,1.0059,25.0,0.0,0.0
2024-12-14 1:55:27.144,0.0059,-0.002,1.0088,25.06,0.0,0.0
2024-12-14 1:55:27.154,-0.0029,0.0,1.0059,25.12,0.0,0.0
2024-12-14 1:55:27.105,0.0029,-0.0015,1.0,25.25,0.0,0.0
2024-12-14 1:55:27.115,-0.0029,0.0,1.0112,25.12,0.0,0.0
2024-12-14 1:55:27.125,0.0005,0.0039,1.0117,25.06,0.0,0.0
2024-12-14 1:55:27.149,0.0,0.0,1.0034,25.06,0.0,0.0
2024-12-14 1:55:27.159,-0.0005,0.001,1.0049,25.18,0.0,0.0
2024-12-14 1:55:27.169,-0.0015,0.0,1.001,25.12,0.0,0.0
2024-12-14 1:55:27.179,0.002,0.0015,1.0073,25.18,0.0,0.0
2024-12-14 1:55:27.189,0.002,0.0,1.0117,25.12,0.0,0.0
2024-12-14 1:55:27.199,0.002,0.0,1.0029,25.12,0.0,0.0
2024-12-14 1:55:27.209,0.001,0.0,1.0078,25.0,0.0,0.0
2024-12-14 1:55:27.219,-0.0015,-0.001,1.0054,25.18,0.0,0.0
2024-12-14 1:55:27.205,-0.0005,0.0005,1.0073,25.18,0.0,0.0
2024-12-14 1:55:27.215,-0.001,0.001,1.0073,25.06,0.0,0.0
2024-12-14 1:55:27.225,-0.0029,-0.0015,1.0068,25.25,0.0,0.0
2024-12-14 1:55:27.250,-0.0005,0.001,1.0044,25.25,0.0,0.0
2024-12-14 1:55:27.260,-0.001,0.0,1.0073,25.25,0.0,0.0
2024-12-14 1:55:27.270,-0.002,-0.002,1.0078,25.25,0.0,0.0
2024-12-14 1:55:27.280,0.0005,0.001,1.0054,25.18,0.0,0.0
2024-12-14 1:55:27.299,0.0005,0.0015,1.001,25.18,0.0,0.0
2024-12-14 1:55:27.309,0.0,0.0,1.0083,25.06,0.0,0.0
2024-12-14 1:55:27.319,-0.0005,0.0,1.0034,25.12,0.0,0.0
2024-12-14 1:55:27.329,0.0,0.002,1.0029,25.06,0.0,0.0
2024-12-14 1:55:27.339,-0.0015,0.0,1.0068,25.06,0.0,0.0
2024-12-14 1:55:27.349,0.0,0.0024,1.0044,25.18,0.0,0.0
2024-12-14 1:55:27.359,0.0,0.0,1.0063,25.06,0.0,0.0
2024-12-14 1:55:27.350,-0.0015,0.0,1.0039,25.12,0.0,0.0
2024-12-14 1:55:27.360,0.0,0.001,1.0107,25.25,0.0,0.0
2024-12-14 1:55:27.370,0.0005,0.0005,1.0059,25.06,0.0,0.0
2024-12-14 1:55:27.380,0.0,0.0,1.0059,25.18,0.0,0.0
2024-12-14 1:55:27.399,-0.0015,-0.001,1.0083,25.06,0.0,0.0
2024-12-14 1:55:27.409,0.0,-0.0015,1.0034,24.81,0.0,0.0
2024-12-14 1:55:27.419,0.0,0.002,1.0054,25.06,0.0,0.0
2024-12-14 1:55:27.429,-0.0005,-0.0024,1.0039,25.25,0.0,0.0
2024-12-14 1:55:27.439,-0.0005,0.0,1.0039,25.25,0.0,0.0
2024-12-14 1:55:27.449,0.0,-0.0015,1.0054,25.12,0.0,0.0
2024-12-14 1:55:27.459,0.001,0.0,1.0103,25.06,0.0,0.0
2024-12-14 1:55:27.450,0.0,-0.0015,1.0068,25.25,0.0,0.0
2024-12-14 1:55:27.460,0.0005,0.0005,1.0068,25.18,0.0,0.0
2024-12-14 1:55:27.470,0.001,0.0,1.0029,25.18,0.0,0.0
2024-12-14 1:55:27.480,-0.0005,0.0,1.0054,25.37,0.0,0.0
2024-12-14 1:55:27.500,0.001,0.0015,1.0039,25.12,0.0,0.0
2024-12-14 1:55:27.510,0.0,-0.0024,1.0098,25.06,0.0,0.0
2024-12-14 1:55:27.520,-0.001,0.0024,1.0063,25.25,0.0,0.0
2024-12-14 1:55:27.530,-0.002,-0.001,1.0059,25.12,0.0,0.0
2024-12-14 1:55:27.554,0.0,0.0024,1.0063,25.25,0.0,0.0
2024-12-14 1:55:27.564,0.0,0.0,1.0073,25.06,0.0,0.0
2024-12-14 1:55:27.574,0.0,-0.0005,1.0063,25.25,0.0,0.0
2024-12-14 1:55:27.584,0.0005,-0.001,1.0068,25.06,0.0,0.0
2024-12-14 1:55:27.594,0.001,-0.0005,1.0044,25.25,0.0,0.0
2024-12-14 1:55:27.604,0.0,0.0005,1.0039,25.25,0.0,0.0
2024-12-14 1:55:27.614,-0.001,0.0005,1.0083,25.12,0.0,0.0
2024-12-14 1:55:27.600,-0.001,0.001,1.0044,25.12,0.0,0.0
2024-12-14 1:55:27.610,0.001,0.001,1.0024,25.18,0.0,0.0
2024-12-14 1:55:27.620,-0.001,0.001,1.0039,25.12,0.0,0.0
2024-12-14 1:55:27.630,-0.0005,-0.0005,1.0044,25.0,0.0,0.0
2024-12-14 1:55:27.654,0.0005,0.0,1.0059,24.87,0.0,0.0
2024-12-14 1:55:27.664,0.001,0.0,1.0088,25.25,0.0,0.0
2024-12-14 1:55:27.674,0.0015,0.0005,1.0024,25.12,0.0,0.0
2024-12-14 1:55:27.700,-0.002,-0.0005,1.0068,25.12,0.0,0.0
2024-12-14 1:55:27.710,0.0005,-0.0005,1.0054,25.37,0.0,0.0
2024-12-14 1:55:27.720,0.001,-0.0005,1.0054,25.25,0.0,0.0
2024-12-14 1:55:27.730,-0.0005,-0.0005,1.0054,25.18,0.0,0.0
2024-12-14 1:55:27.740,0.0005,0.0,1.0083,25.25,0.0,0.0
2024-12-14 1:55:27.750,0.0,0.0024,1.0078,25.12,0.0,0.0
2024-12-14 1:55:27.760,-0.002,0.0005,1.0083,25.25,0.0,0.0
2024-12-14 1:55:27.770,0.0,0.002,1.0049,25.06,0.0,0.0
2024-12-14 1:55:27.755,0.0,-0.001,1.0098,25.06,0.0,0.0
2024-12-14 1:55:27.765,-0.001,0.001,1.0054,25.18,0.0,0.0
2024-12-14 1:55:27.775,-0.0005,-0.001,1.002,25.18,0.0,0.0
2024-12-14 1:55:27.799,-0.0005,0.0,1.0024,25.06,0.0,0.0
2024-12-14 1:55:27.809,-0.001,0.0,1.0049,25.25,0.0,0.0
2024-12-14 1:55:27.819,-0.0005,-0.0005,1.0054,25.18,0.0,0.0
2024-12-14 1:55:27.829,-0.002,-0.0005,1.0039,25.12,0.0,0.0
2024-12-14 1:55:27.850,-0.0005,-0.001,1.0049,25.25,0.0,0.0
2024-12-14 1:55:27.860,0.0015,-0.001,1.0073,25.18,0.0,0.0
2024-12-14 1:55:27.870,0.0005,0.0005,1.0049,25.18,0.0,0.0
2024-12-14 1:55:27.880,0.001,-0.0005,1.0068,25.18,0.0,0.0
2024-12-14 1:55:27.890,0.0,-0.0024,1.0068,25.06,0.0,0.0
2024-12-14 1:55:27.900,-0.0005,0.0015,1.0039,25.12,0.0,0.0
2024-12-14 1:55:27.910,0.0,0.0,1.0054,25.12,0.0,0.0
2024-12-14 1:55:27.899,0.0,0.0,1.0073,25.12,0.0,0.0
2024-12-14 1:55:27.909,0.0,-0.0005,1.001,25.25,0.0,0.0
2024-12-14 1:55:27.919,0.0005,0.0015,1.0054,24.87,0.0,0.0
2024-12-14 1:55:27.929,-0.0005,-0.001,1.0063,25.12,0.0,0.0
2024-12-14 1:55:27.950,-0.0005,0.0,1.0049,24.87,0.0,0.0
2024-12-14 1:55:27.960,0.0,-0.0015,1.0078,24.87,0.0,0.0
2024-12-14 1:55:27.970,0.0,0.0,1.0049,25.12,0.0,0.0
2024-12-14 1:55:27.980,0.0005,0.0,1.0068,25.12,0.0,0.0
2024-12-14 1:55:27.990,-0.001,-0.0015,1.0044,25.12,0.0,0.0
2024-12-14 1:55:28.0,0.0,0.0024,1.0034,25.18,0.0,0.0
2024-12-14 1:55:28.10,0.0,-0.0029,1.0039,25.31,0.0,0.0
2024-12-14 1:55:28.0,0.0,0.0015,1.0063,25.18,0.0,0.0
2024-12-14 1:55:28.10,0.0,0.0,1.0103,25.06,0.0,0.0
2024-12-14 1:55:28.20,0.0005,-0.0015,1.0054,25.06,0.0,0.0
2024-12-14 1:55:28.30,0.0015,0.0005,1.0073,25.12,0.0,0.0
2024-12-14 1:55:28.40,0.0,-0.0005,1.0093,25.18,0.0,0.0
2024-12-14 1:55:28.50,0.001,-0.0005,1.0068,25.18,0.0,0.0
2024-12-14 1:55:28.60,0.0024,0.0,1.0044,25.06,0.0,0.0
2024-12-14 1:55:28.70,0.0,-0.001,1.0059,25.06,0.0,0.0
2024-12-14 1:55:28.80,-0.0005,0.0,1.0059,25.06,0.0,0.0
2024-12-14 1:55:28.90,0.0,0.0,1.0073,25.06,0.0,0.0
2024-12-14 1:55:28.100,0.0,-0.001,1.0044,25.0,0.0,0.0
2024-12-14 1:55:28.149,-0.0024,-0.0005,1.0015,25.06,0.0,0.0
2024-12-14 1:55:28.159,0.0,0.0,1.0059,25.18,0.0,0.0
2024-12-14 1:55:28.169,0.0005,0.0015,1.0063,25.25,0.0,0.0
2024-12-14 1:55:28.179,-0.002,-0.0005,1.0063,25.12,0.0,0.0
2024-12-14 1:55:28.200,-0.002,0.001,1.0034,25.12,0.0,0.0
2024-12-14 1:55:28.210,0.0,0.0015,1.0039,25.06,0.0,0.0
2024-12-14 1:55:28.220,-0.0005,0.002,1.0029,25.0,0.0,0.0
2024-12-14 1:55:28.230,-0.002,-0.002,1.0049,25.12,0.0,0.0
2024-12-14 1:55:28.255,0.0,-0.0015,1.0039,24.81,0.0,0.0
2024-12-14 1:55:28.265,-0.0024,-0.0005,1.0034,25.12,0.0,0.0
2024-12-14 1:55:28.275,-0.0005,-0.0005,1.0059,25.18,0.0,0.0
2024-12-14 1:55:28.285,0.0005,0.002,1.0068,25.12,0.0,0.0
2024-12-14 1:55:28.304,0.0005,-0.0015,1.0049,25.25,0.0,0.0
2024-12-14 1:55:28.314,0.002,0.0015,1.0063,25.18,0.0,0.0
2024-12-14 1:55:28.324,0.0015,-0.0015,1.0,25.12,0.0,0.0
2024-12-14 1:55:28.334,0.0015,-0.001,1.0054,25.06,0.0,0.0
2024-12-14 1:55:28.344,0.0029,-0.002,1.0039,24.74,0.0,0.0
2024-12-14 1:55:28.354,0.0024,0.002,1.0083,25.06,0.0,0.0
2024-12-14 1:55:28.364,-0.002,0.002,1.0044,25.12,0.0,0.0
2024-12-14 1:55:28.355,0.0005,0.0,1.0063,25.12,0.0,0.0
2024-12-14 1:55:28.365,-0.001,0.0005,1.0059,25.0,0.0,0.0
2024-12-14 1:55:28.375,0.0,0.002,1.0078,25.18,0.0,0.0
2024-12-14 1:55:28.385,0.0024,0.002,1.0049,25.18,0.0,0.0
2024-12-14 1:55:28.404,0.0005,0.002,1.0059,25.06,0.0,0.0
2024-12-14 1:55:28.414,0.0029,0.0005,1.0093,25.18,0.0,0.0
2024-12-14 1:55:28.424,-0.001,-0.001,1.0063,25.06,0.0,0.0
2024-12-14 1:55:28.434,0.001,0.0005,1.0034,25.06,0.0,0.0
2024-12-14 1:55:28.444,-0.001,0.0005,1.0059,25.18,0.0,0.0
2024-12-14 1:55:28.454,0.0,0.0,1.0078,25.06,0.0,0.0
2024-12-14 1:55:28.464,-0.0005,-0.001,1.0044,25.06,0.0,0.0
2024-12-14 1:55:28.455,0.0015,0.001,1.0059,25.25,0.0,0.0
2024-12-14 1:55:28.465,0.0,0.002,1.0063,25.12,0.0,0.0
2024-12-14 1:55:28.475,-0.001,0.0,1.0039,25.12,0.0,0.0
2024-12-14 1:55:28.485,-0.0005,-0.0029,1.0063,25.12,0.0,0.0
2024-12-14 1:55:28.505,0.0005,-0.001,1.0083,25.06,0.0,0.0
2024-12-14 1:55:28.515,0.0,-0.0039,1.0073,25.25,0.0,0.0
2024-12-14 1:55:28.525,0.0,0.0,1.0073,25.18,0.0,0.0
2024-12-14 1:55:28.549,-0.0005,0.0005,1.0107,25.25,0.0,0.0
2024-12-14 1:55:28.559,-0.0005,0.0015,1.0088,25.12,0.0,0.0
2024-12-14 1:55:28.569,0.0,0.0015,1.0049,25.12,0.0,0.0
2024-12-14 1:55:28.579,-0.002,0.0005,1.0063,24.87,0.0,0.0
2024-12-14 1:55:28.589,0.002,0.0,1.0054,25.25,0.0,0.0
2024-12-14 1:55:28.599,0.0015,-0.002,1.0015,25.06,0.0,0.0
2024-12-14 1:55:28.609,0.0,0.0,1.0044,25.12,0.0,0.0
2024-12-14 1:55:28.619,-0.001,0.0,1.0024,24.87,0.0,0.0
2024-12-14 1:55:28.605,0.0,-0.001,1.0063,25.37,0.0,0.0
2024-12-14 1:55:28.615,-0.001,-0.0015,1.0039,25.18,0.0,0.0
2024-12-14 1:55:28.625,0.0,-0.001,1.0049,25.37,0.0,0.0
2024-12-14 1:55:28.649,0.0,-0.002,1.0068,25.12,0.0,0.0
2024-12-14 1:55:28.659,0.0,0.0015,1.0049,25.25,0.0,0.0
2024-12-14 1:55:28.669,-0.001,0.0,1.0088,25.06,0.0,0.0
2024-12-14 1:55:28.679,0.0005,0.0,1.0078,25.18,0.0,0.0
2024-12-14 1:55:28.705,0.001,-0.0015,1.0063,25.06,0.0,0.0
2024-12-14 1:55:28.715,-0.002,0.0,1.0044,25.12,0.0,0.0
2024-12-14 1:55:28.725,0.001,0.0024,1.0044,25.25,0.0,0.0
2024-12-14 1:55:28.735,-0.001,0.0,1.0029,25.0,0.0,0.0
2024-12-14 1:55:28.745,-0.002,0.0005,1.0078,25.25,0.0,0.0
2024-12-14 1:55:28.755,-0.002,0.0,1.0078,25.12,0.0,0.0
2024-12-14 1:55:28.765,0.0,0.002,1.0083,25.25,0.0,0.0
2024-12-14 1:55:28.750,0.0,0.0015,1.0063,25.0,0.0,0.0
2024-12-14 1:55:28.760,-0.001,-0.0015,1.0044,25.18,0.0,0.0
2024-12-14 1:55:28.770,0.0,-0.001,1.0054,25.12,0.0,0.0
2024-12-14 1:55:28.780,0.0015,0.001,1.0068,25.06,0.0,0.0
2024-12-14 1:55:28.804,0.002,-0.002,1.0049,25.0,0.0,0.0
2024-12-14 1:55:28.814,0.0024,0.002,1.0073,25.25,0.0,0.0
2024-12-14 1:55:28.824,-0.0015,-0.0005,1.0063,25.06,0.0,0.0
2024-12-14 1:55:28.834,0.0005,-0.001,1.0068,25.25,0.0,0.0
2024-12-14 1:55:28.855,0.001,-0.0005,1.0073,25.18,0.0,0.0
2024-12-14 1:55:28.865,-0.0015,0.0,1.0073,24.81,0.0,0.0
2024-12-14 1:55:28.875,-0.0005,-0.002,1.0068,25.06,0.0,0.0
2024-12-14 1:55:28.885,-0.0005,-0.0005,1.0059,25.06,0.0,0.0
2024-12-14 1:55:28.895,0.0015,0.0,1.0049,25.12,0.0,0.0
2024-12-14 1:55:28.905,-0.001,0.0,1.0083,25.25,0.0,0.0
2024-12-14 1:55:28.915,0.001,0.0005,1.0073,25.12,0.0,0.0
2024-12-14 1:55:28.904,0.0005,0.002,1.0054,25.06,0.0,0.0
2024-12-14 1:55:28.914,0.0,0.0034,1.0039,25.25,0.0,0.0
2024-12-14 1:55:28.924,-0.0005,0.0015,1.0039,25.25,0.0,0.0
2024-12-14 1:55:28.934,0.0005,0.0,1.0059,25.06,0.0,0.0
2024-12-14 1:55:28.955,-0.001,0.0015,1.0054,25.12,0.0,0.0
2024-12-14 1:55:28.965,0.001,0.0005,1.0044,25.06,0.0,0.0
2024-12-14 1:55:28.975,-0.0005,0.0015,1.0049,25.0,0.0,0.0
2024-12-14 1:55:28.985,0.0005,-0.001,1.0034,25.06,0.0,0.0
2024-12-14 1:55:28.995,0.001,0.0,1.0049,25.18,0.0,0.0
2024-12-14 1:55:29.5,0.0,-0.002,1.0054,25.18,0.0,0.0
2024-12-14 1:55:29.15,0.0,-0.001,1.0059,25.06,0.0,0.0
2024-12-14 1:55:29.5,0.0,0.002,1.0054,25.12,0.0,0.0
2024-12-14 1:55:29.15,-0.0015,-0.0005,1.0054,25.06,0.0,0.0
2024-12-14 1:55:29.25,0.0,0.0,1.0063,25.06,0.0,0.0
2024-12-14 1:55:29.35,-0.0015,0.0015,1.0068,25.12,0.0,0.0
2024-12-14 1:55:29.54,0.0,0.0,1.0063,25.12,0.0,0.0
2024-12-14 1:55:29.64,0.0,0.0024,1.0049,25.12,0.0,0.0
2024-12-14 1:55:29.74,-0.002,0.0005,1.002,25.06,0.0,0.0
2024-12-14 1:55:29.84,0.0015,-0.001,1.0039,25.5,0.0,0.0
2024-12-14 1:55:29.94,0.0005,0.0,1.0083,25.5,0.0,0.0
2024-12-14 1:55:29.104,-0.0005,-0.0005,1.0083,25.06,0.0,0.0
2024-12-14 1:55:29.114,0.0,-0.0005,1.0039,25.12,0.0,0.0
2024-12-14 1:55:29.105,-0.0015,0.0015,1.0049,25.06,0.0,0.0
2024-12-14 1:55:29.115,0.0005,0.0,1.0054,25.18,0.0,0.0
2024-12-14 1:55:29.125,0.0,0.0005,1.0044,25.12,0.0,0.0
2024-12-14 1:55:29.135,0.0,-0.0005,1.0063,25.06,0.0,0.0
2024-12-14 1:55:29.154,0.0,-0.0005,1.0039,25.06,0.0,0.0
2024-12-14 1:55:29.164,0.0005,0.0,1.0005,25.31,0.0,0.0
2024-12-14 1:55:29.174,0.0005,-0.0005,1.0059,25.25,0.0,0.0
2024-12-14 1:55:29.200,-0.0029,-0.0005,1.0054,25.12,0.0,0.0
2024-12-14 1:55:29.210,0.0,0.0,1.0049,25.12,0.0,0.0
2024-12-14 1:55:29.220,0.0005,0.0005,1.0054,25.12,0.0,0.0
2024-12-14 1:55:29.230,-0.0015,0.0,1.0039,25.31,0.0,0.0
2024-12-14 1:55:29.255,-0.0015,0.0,1.0078,25.12,0.0,0.0
2024-12-14 1:55:29.265,0.001,0.0,1.0063,25.12,0.0,0.0
2024-12-14 1:55:29.275,0.0005,0.0005,1.0049,25.06,0.0,0.0
2024-12-14 1:55:29.285,-0.001,0.0,1.0063,25.18,0.0,0.0
2024-12-14 1:55:29.295,0.0015,0.0015,1.0063,25.06,0.0,0.0
2024-12-14 1:55:29.305,0.0,-0.0005,1.0073,25.18,0.0,0.0
2024-12-14 1:55:29.315,-0.001,-0.0005,1.0034,25.18,0.0,0.0
2024-12-14 1:55:29.299,0.001,-0.0015,1.0073,25.0,0.0,0.0
2024-12-14 1:55:29.309,0.0005,0.0,1.0083,25.12,0.0,0.0
2024-12-14 1:55:29.319,0.0015,0.0,1.0063,25.06,0.0,0.0
2024-12-14 1:55:29.329,0.002,0.0005,1.0073,25.12,0.0,0.0
2024-12-14 1:55:29.355,-0.0005,-0.001,1.0044,24.87,0.0,0.0
2024-12-14 1:55:29.365,0.0005,0.0,1.0107,25.25,0.0,0.0
2024-12-14 1:55:29.375,0.0005,0.0,1.0044,25.12,0.0,0.0
2024-12-14 1:55:29.385,-0.002,0.0,1.0083,25.06,0.0,0.0
2024-12-14 1:55:29.404,-0.001,-0.0015,1.0049,25.18,0.0,0.0
2024-12-14 1:55:29.414,-0.0015,0.0005,1.0093,25.25,0.0,0.0
2024-12-14 1:55:29.424,-0.001,0.0024,1.0073,25.12,0.0,0.0
2024-12-14 1:55:29.434,0.0,0.001,1.0073,25.5,0.0,0.0
2024-12-14 1:55:29.444,-0.0015,0.001,1.0059,25.12,0.0,0.0
2024-12-14 1:55:29.454,-0.0005,-0.0005,1.0044,25.0,0.0,0.0
2024-12-14 1:55:29.464,0.001,0.0,1.0083,25.06,0.0,0.0
2024-12-14 1:55:29.455,0.001,-0.0005,1.0073,25.25,0.0,0.0
2024-12-14 1:55:29.465,-0.0005,0.0005,1.0039,25.31,0.0,0.0
2024-12-14 1:55:29.475,-0.0005,0.001,1.0078,25.06,0.0,0.0
2024-12-14 1:55:29.485,-0.0005,-0.001,1.0063,25.31,0.0,0.0
2024-12-14 1:55:29.505,0.0,-0.0029,1.0054,25.25,0.0,0.0
2024-12-14 1:55:29.515,0.001,0.0,1.0034,25.18,0.0,0.0
2024-12-14 1:55:29.525,0.0005,-0.002,1.0063,25.06,0.0,0.0
2024-12-14 1:55:29.535,0.001,0.001,1.0024,25.12,0.0,0.0
2024-12-14 1:55:29.545,0.0005,-0.002,1.0039,25.0,0.0,0.0
2024-12-14 1:55:29.555,0.0015,-0.001,1.0083,25.06,0.0,0.0
2024-12-14 1:55:29.565,0.0005,0.0015,1.0073,25.06,0.0,0.0
2024-12-14 1:55:29.554,0.0,0.0024,1.0049,25.0,0.0,0.0
2024-12-14 1:55:29.564,0.0005,0.0024,1.0068,25.0,0.0,0.0
2024-12-14 1:55:29.574,-0.0005,-0.002,1.0049,25.12,0.0,0.0
2024-12-14 1:55:29.584,0.0,0.0,1.0054,25.12,0.0,0.0
2024-12-14 1:55:29.605,0.0015,-0.0015,1.0068,25.18,0.0,0.0
2024-12-14 1:55:29.615,0.0,0.0005,1.0044,25.12,0.0,0.0
2024-12-14 1:55:29.625,0.0,0.001,1.0063,25.31,0.0,0.0
